timestamp,cloud_provider,unified_category,cost,normalized_env,normalized_team,is_anomaly,anomaly_type
2026-01-01,AWS,COMPUTE,1187.96,staging,coreengine,0,none
2026-01-01,GCP,STORAGE,605.1,dev,analytics,0,none
2026-01-01,GCP,COMPUTE,1243.59,dev,analytics,0,none
2026-01-01,Azure,COMPUTE,1227.49,dev,fintech,0,none
2026-01-01,Azure,STORAGE,580.29,production,fintech,0,none
2026-01-01,Azure,NETWORK,298.02,production,fintech,0,none
2026-01-01,GCP,NETWORK,293.49,prod,analytics,0,none
2026-01-01,AWS,NETWORK,305.57,production,coreengine,0,none
2026-01-01,AWS,STORAGE,621.63,production,dataplatform,0,none
2026-01-02,Azure,NETWORK,299.72,production,fintech,0,none
2026-01-02,Azure,STORAGE,623.42,production,fintech,0,none
2026-01-02,GCP,COMPUTE,1218.0,prod,analytics,0,none
2026-01-02,AWS,NETWORK,292.23,staging,dataplatform,0,none
2026-01-02,AWS,STORAGE,585.43,staging,coreengine,0,none
2026-01-02,AWS,COMPUTE,1210.98,production,coreengine,0,none
2026-01-02,GCP,NETWORK,297.09,prod,analytics,0,none
2026-01-02,GCP,STORAGE,607.69,prod,core-team,0,none
2026-01-02,Azure,COMPUTE,1237.94,production,fintech,0,none
2026-01-03,Azure,COMPUTE,792.86,production,fintech,0,none
2026-01-03,GCP,COMPUTE,744.76,dev,analytics,0,none
2026-01-03,GCP,STORAGE,582.09,dev,analytics,0,none
2026-01-03,GCP,NETWORK,181.09,dev,analytics,0,none
2026-01-03,AWS,NETWORK,183.03,production,coreengine,0,none
2026-01-03,AWS,STORAGE,591.49,production,coreengine,0,none
2026-01-03,AWS,COMPUTE,739.42,production,coreengine,0,none
2026-01-03,Azure,STORAGE,557.71,production,fintech,0,none
2026-01-03,Azure,NETWORK,192.43,production,fintech,0,none
2026-01-04,GCP,COMPUTE,809.17,prod,analytics,0,none
2026-01-04,GCP,STORAGE,576.68,prod,core-team,0,none
2026-01-04,GCP,NETWORK,189.39,dev,core-team,0,none
2026-01-04,Azure,STORAGE,597.16,dev,fintech,0,none
2026-01-04,Azure,NETWORK,184.51,dev,fintech,0,none
2026-01-04,AWS,COMPUTE,802.97,staging,coreengine,0,none
2026-01-04,AWS,STORAGE,552.46,staging,dataplatform,0,none
2026-01-04,AWS,NETWORK,192.23,production,dataplatform,0,none
2026-01-04,Azure,COMPUTE,757.07,production,fintech,0,none
2026-01-05,GCP,STORAGE,610.96,prod,core-team,0,none
2026-01-05,GCP,NETWORK,311.1,dev,analytics,0,none
2026-01-05,AWS,COMPUTE,1238.07,staging,dataplatform,0,none
2026-01-05,AWS,STORAGE,594.01,production,coreengine,0,none
2026-01-05,AWS,NETWORK,294.31,staging,dataplatform,0,none
2026-01-05,GCP,COMPUTE,1211.01,dev,analytics,0,none
2026-01-05,Azure,NETWORK,295.49,production,fintech,0,none
2026-01-05,Azure,STORAGE,608.62,production,fintech,0,none
2026-01-05,Azure,COMPUTE,1216.39,dev,fintech,0,none
2026-01-06,AWS,NETWORK,303.1,production,coreengine,0,none
2026-01-06,AWS,COMPUTE,1176.92,production,dataplatform,0,none
2026-01-06,Azure,NETWORK,294.91,dev,fintech,0,none
2026-01-06,Azure,STORAGE,596.36,production,fintech,0,none
2026-01-06,Azure,COMPUTE,1176.25,production,fintech,0,none
2026-01-06,GCP,NETWORK,291.1,dev,core-team,0,none
2026-01-06,GCP,STORAGE,592.14,dev,analytics,0,none
2026-01-06,GCP,COMPUTE,1198.18,prod,core-team,0,none
2026-01-06,AWS,STORAGE,600.45,production,coreengine,0,none
2026-01-07,Azure,STORAGE,604.66,dev,fintech,0,none
2026-01-07,Azure,COMPUTE,1236.04,dev,fintech,0,none
2026-01-07,Azure,NETWORK,292.28,production,fintech,0,none
2026-01-07,GCP,COMPUTE,1233.68,dev,core-team,0,none
2026-01-07,GCP,STORAGE,617.89,dev,core-team,0,none
2026-01-07,GCP,NETWORK,307.95,prod,analytics,0,none
2026-01-07,AWS,NETWORK,305.71,production,dataplatform,0,none
2026-01-07,AWS,STORAGE,601.78,production,dataplatform,0,none
2026-01-07,AWS,COMPUTE,1202.42,production,dataplatform,0,none
2026-01-08,GCP,COMPUTE,1182.7,prod,analytics,0,none
2026-01-08,GCP,STORAGE,596.14,dev,core-team,0,none
2026-01-08,GCP,NETWORK,291.71,prod,analytics,0,none
2026-01-08,AWS,NETWORK,300.26,production,coreengine,0,none
2026-01-08,AWS,STORAGE,603.79,staging,coreengine,0,none
2026-01-08,AWS,COMPUTE,1175.59,production,dataplatform,0,none
2026-01-08,Azure,COMPUTE,1255.93,dev,fintech,0,none
2026-01-08,Azure,STORAGE,632.85,dev,fintech,0,none
2026-01-08,Azure,NETWORK,313.89,dev,fintech,0,none
2026-01-09,AWS,NETWORK,296.7,staging,coreengine,0,none
2026-01-09,Azure,STORAGE,599.93,production,fintech,0,none
2026-01-09,AWS,STORAGE,630.05,staging,dataplatform,0,none
2026-01-09,Azure,NETWORK,301.48,production,fintech,0,none
2026-01-09,GCP,NETWORK,301.38,prod,analytics,0,none
2026-01-09,GCP,STORAGE,620.43,prod,core-team,0,none
2026-01-09,GCP,COMPUTE,1197.51,prod,analytics,0,none
2026-01-09,Azure,COMPUTE,1259.99,production,fintech,0,none
2026-01-09,AWS,COMPUTE,1207.74,staging,dataplatform,0,none
2026-01-10,Azure,COMPUTE,813.84,production,fintech,0,none
2026-01-10,Azure,STORAGE,596.79,production,fintech,0,none
2026-01-10,Azure,NETWORK,174.27,dev,fintech,0,none
2026-01-10,AWS,STORAGE,591.67,production,coreengine,0,none
2026-01-10,AWS,NETWORK,171.65,production,coreengine,0,none
2026-01-10,GCP,COMPUTE,782.71,dev,analytics,0,none
2026-01-10,GCP,STORAGE,607.08,prod,analytics,0,none
2026-01-10,GCP,NETWORK,179.0,prod,analytics,0,none
2026-01-10,AWS,COMPUTE,790.16,staging,coreengine,0,none
2026-01-11,Azure,STORAGE,575.33,production,fintech,0,none
2026-01-11,Azure,COMPUTE,820.45,production,fintech,0,none
2026-01-11,GCP,COMPUTE,791.11,dev,analytics,0,none
2026-01-11,GCP,STORAGE,603.07,prod,analytics,0,none
2026-01-11,GCP,NETWORK,180.48,prod,core-team,0,none
2026-01-11,AWS,NETWORK,172.39,production,dataplatform,0,none
2026-01-11,AWS,STORAGE,572.66,production,dataplatform,0,none
2026-01-11,AWS,COMPUTE,800.2,production,coreengine,0,none
2026-01-11,Azure,NETWORK,176.26,dev,fintech,0,none
2026-01-12,GCP,STORAGE,640.03,dev,analytics,0,none
2026-01-12,GCP,NETWORK,316.49,prod,analytics,0,none
2026-01-12,GCP,COMPUTE,1228.38,prod,analytics,0,none
2026-01-12,Azure,STORAGE,626.62,production,fintech,0,none
2026-01-12,Azure,NETWORK,307.46,dev,fintech,0,none
2026-01-12,AWS,COMPUTE,1260.19,production,dataplatform,0,none
2026-01-12,Azure,COMPUTE,1220.1,dev,fintech,0,none
2026-01-12,AWS,STORAGE,645.17,production,coreengine,0,none
2026-01-12,AWS,NETWORK,313.04,staging,dataplatform,0,none
2026-01-13,AWS,NETWORK,310.51,staging,coreengine,0,none
2026-01-13,Azure,COMPUTE,1178.19,production,fintech,0,none
2026-01-13,Azure,STORAGE,642.84,production,fintech,0,none
2026-01-13,Azure,NETWORK,300.26,dev,fintech,0,none
2026-01-13,GCP,NETWORK,305.81,prod,analytics,0,none
2026-01-13,GCP,STORAGE,645.3,dev,core-team,0,none
2026-01-13,GCP,COMPUTE,1183.61,prod,analytics,0,none
2026-01-13,AWS,COMPUTE,1198.96,staging,coreengine,0,none
2026-01-13,AWS,STORAGE,603.92,staging,coreengine,0,none
2026-01-14,AWS,STORAGE,607.07,production,dataplatform,0,none
2026-01-14,AWS,COMPUTE,1213.66,production,dataplatform,0,none
2026-01-14,GCP,COMPUTE,1195.91,dev,analytics,0,none
2026-01-14,AWS,NETWORK,306.38,staging,coreengine,0,none
2026-01-14,Azure,NETWORK,317.67,dev,fintech,0,none
2026-01-14,Azure,STORAGE,645.47,dev,fintech,0,none
2026-01-14,Azure,COMPUTE,1183.36,production,fintech,0,none
2026-01-14,GCP,NETWORK,318.27,dev,analytics,0,none
2026-01-14,GCP,STORAGE,623.95,dev,analytics,0,none
2026-01-15,GCP,COMPUTE,1220.28,prod,core-team,0,none
2026-01-15,GCP,STORAGE,619.4,prod,core-team,0,none
2026-01-15,AWS,NETWORK,301.08,production,dataplatform,0,none
2026-01-15,AWS,STORAGE,648.56,production,coreengine,0,none
2026-01-15,GCP,NETWORK,310.28,dev,analytics,0,none
2026-01-15,AWS,COMPUTE,1175.52,staging,dataplatform,0,none
2026-01-15,Azure,NETWORK,310.81,production,fintech,0,none
2026-01-15,Azure,COMPUTE,1256.37,dev,fintech,0,none
2026-01-15,Azure,STORAGE,643.55,dev,fintech,0,none
2026-01-16,GCP,STORAGE,608.62,dev,core-team,0,none
2026-01-16,GCP,NETWORK,298.37,dev,analytics,0,none
2026-01-16,Azure,COMPUTE,1227.47,dev,fintech,0,none
2026-01-16,AWS,COMPUTE,1238.39,production,dataplatform,0,none
2026-01-16,AWS,STORAGE,620.51,production,coreengine,0,none
2026-01-16,AWS,NETWORK,307.99,staging,dataplatform,0,none
2026-01-16,Azure,STORAGE,609.18,dev,fintech,0,none
2026-01-16,GCP,COMPUTE,1197.09,dev,core-team,0,none
2026-01-16,Azure,NETWORK,305.25,production,fintech,0,none
2026-01-17,AWS,STORAGE,584.47,production,dataplatform,0,none
2026-01-17,Azure,NETWORK,190.31,production,fintech,0,none
2026-01-17,Azure,STORAGE,588.25,dev,fintech,0,none
2026-01-17,AWS,COMPUTE,800.17,production,dataplatform,0,none
2026-01-17,GCP,NETWORK,175.9,prod,core-team,0,none
2026-01-17,GCP,STORAGE,582.8,dev,analytics,0,none
2026-01-17,GCP,COMPUTE,759.18,dev,analytics,0,none
2026-01-17,Azure,COMPUTE,783.13,production,fintech,0,none
2026-01-17,AWS,NETWORK,196.37,production,dataplatform,0,none
2026-01-18,GCP,NETWORK,181.29,prod,core-team,0,none
2026-01-18,AWS,NETWORK,194.84,staging,dataplatform,0,none
2026-01-18,Azure,COMPUTE,796.17,dev,fintech,0,none
2026-01-18,Azure,STORAGE,581.05,dev,fintech,0,none
2026-01-18,Azure,NETWORK,178.19,production,fintech,0,none
2026-01-18,GCP,STORAGE,586.16,prod,analytics,0,none
2026-01-18,GCP,COMPUTE,810.39,prod,core-team,0,none
2026-01-18,AWS,COMPUTE,823.55,production,coreengine,0,none
2026-01-18,AWS,STORAGE,624.59,staging,dataplatform,0,none
2026-01-19,GCP,COMPUTE,1265.95,prod,core-team,0,none
2026-01-19,AWS,STORAGE,657.46,production,coreengine,0,none
2026-01-19,AWS,NETWORK,298.83,production,dataplatform,0,none
2026-01-19,Azure,COMPUTE,1244.99,production,fintech,0,none
2026-01-19,Azure,STORAGE,614.43,dev,fintech,0,none
2026-01-19,Azure,NETWORK,317.68,dev,fintech,0,none
2026-01-19,GCP,STORAGE,634.68,prod,analytics,0,none
2026-01-19,GCP,NETWORK,313.14,prod,analytics,0,none
2026-01-19,AWS,COMPUTE,1236.61,staging,dataplatform,0,none
2026-01-20,Azure,COMPUTE,1228.02,production,fintech,0,none
2026-01-20,Azure,STORAGE,637.01,production,fintech,0,none
2026-01-20,Azure,NETWORK,311.79,dev,fintech,0,none
2026-01-20,AWS,COMPUTE,1198.62,production,coreengine,0,none
2026-01-20,GCP,STORAGE,622.29,prod,core-team,0,none
2026-01-20,GCP,COMPUTE,1196.3,dev,core-team,0,none
2026-01-20,AWS,NETWORK,305.18,staging,coreengine,0,none
2026-01-20,AWS,STORAGE,614.79,production,coreengine,0,none
2026-01-20,GCP,NETWORK,298.13,prod,analytics,0,none
2026-01-21,GCP,COMPUTE,1197.42,prod,core-team,0,none
2026-01-21,GCP,NETWORK,301.99,prod,analytics,0,none
2026-01-21,Azure,NETWORK,314.41,production,fintech,0,none
2026-01-21,Azure,STORAGE,632.21,dev,fintech,0,none
2026-01-21,Azure,COMPUTE,1261.95,dev,fintech,0,none
2026-01-21,AWS,NETWORK,318.15,production,dataplatform,0,none
2026-01-21,AWS,STORAGE,628.29,staging,coreengine,0,none
2026-01-21,AWS,COMPUTE,1219.05,staging,dataplatform,0,none
2026-01-21,GCP,STORAGE,628.66,dev,analytics,0,none
2026-01-22,GCP,COMPUTE,1190.98,prod,core-team,0,none
2026-01-22,GCP,STORAGE,622.52,prod,core-team,0,none
2026-01-22,AWS,STORAGE,630.75,staging,dataplatform,0,none
2026-01-22,AWS,NETWORK,311.56,staging,coreengine,0,none
2026-01-22,Azure,NETWORK,319.91,production,fintech,0,none
2026-01-22,Azure,STORAGE,630.03,production,fintech,0,none
2026-01-22,Azure,COMPUTE,1237.98,dev,fintech,0,none
2026-01-22,AWS,COMPUTE,1217.39,staging,dataplatform,0,none
2026-01-22,GCP,NETWORK,309.53,dev,analytics,0,none
2026-01-23,Azure,NETWORK,319.72,dev,fintech,0,none
2026-01-23,Azure,STORAGE,652.16,dev,fintech,0,none
2026-01-23,Azure,COMPUTE,1262.34,production,fintech,0,none
2026-01-23,GCP,COMPUTE,1204.03,dev,analytics,0,none
2026-01-23,GCP,STORAGE,637.01,prod,analytics,0,none
2026-01-23,GCP,NETWORK,311.09,prod,core-team,0,none
2026-01-23,AWS,NETWORK,300.41,staging,dataplatform,0,none
2026-01-23,AWS,STORAGE,659.57,staging,dataplatform,0,none
2026-01-23,AWS,COMPUTE,1197.58,staging,coreengine,0,none
2026-01-24,GCP,COMPUTE,821.23,prod,analytics,0,none
2026-01-24,GCP,STORAGE,589.89,prod,core-team,0,none
2026-01-24,GCP,NETWORK,194.36,dev,core-team,0,none
2026-01-24,AWS,NETWORK,179.39,production,coreengine,0,none
2026-01-24,AWS,STORAGE,627.77,production,coreengine,0,none
2026-01-24,AWS,COMPUTE,850.51,production,dataplatform,0,none
2026-01-24,Azure,COMPUTE,838.7,production,fintech,0,none
2026-01-24,Azure,NETWORK,195.3,dev,fintech,0,none
2026-01-24,Azure,STORAGE,624.47,production,fintech,0,none
2026-01-25,AWS,STORAGE,631.95,staging,coreengine,0,none
2026-01-25,AWS,COMPUTE,754.51,staging,dataplatform,0,none
2026-01-25,Azure,COMPUTE,822.93,dev,fintech,0,none
2026-01-25,Azure,STORAGE,624.94,production,fintech,0,none
2026-01-25,Azure,NETWORK,190.16,dev,fintech,0,none
2026-01-25,GCP,NETWORK,196.52,dev,core-team,0,none
2026-01-25,GCP,STORAGE,593.92,prod,core-team,0,none
2026-01-25,GCP,COMPUTE,816.05,prod,analytics,0,none
2026-01-25,AWS,NETWORK,192.36,staging,coreengine,0,none
2026-01-26,Azure,COMPUTE,1262.52,dev,fintech,0,none
2026-01-26,Azure,STORAGE,632.25,dev,fintech,0,none
2026-01-26,Azure,NETWORK,322.02,dev,fintech,0,none
2026-01-26,AWS,COMPUTE,1260.17,staging,dataplatform,0,none
2026-01-26,AWS,NETWORK,301.85,production,dataplatform,0,none
2026-01-26,GCP,COMPUTE,1279.17,prod,core-team,0,none
2026-01-26,GCP,STORAGE,627.18,dev,core-team,0,none
2026-01-26,GCP,NETWORK,306.92,prod,analytics,0,none
2026-01-26,AWS,STORAGE,664.11,staging,coreengine,0,none
2026-01-27,AWS,COMPUTE,1224.97,production,coreengine,0,none
2026-01-27,AWS,STORAGE,631.96,staging,dataplatform,0,none
2026-01-27,AWS,NETWORK,322.09,production,coreengine,0,none
2026-01-27,Azure,NETWORK,321.16,dev,fintech,0,none
2026-01-27,Azure,STORAGE,627.45,dev,fintech,0,none
2026-01-27,Azure,COMPUTE,1275.86,production,fintech,0,none
2026-01-27,GCP,COMPUTE,1269.35,prod,core-team,0,none
2026-01-27,GCP,NETWORK,305.1,prod,analytics,0,none
2026-01-27,GCP,STORAGE,664.95,prod,core-team,0,none
2026-01-28,Azure,STORAGE,645.37,production,fintech,0,none
2026-01-28,Azure,NETWORK,319.61,production,fintech,0,none
2026-01-28,GCP,COMPUTE,1211.66,prod,core-team,0,none
2026-01-28,GCP,NETWORK,313.11,prod,core-team,0,none
2026-01-28,AWS,NETWORK,302.55,production,coreengine,0,none
2026-01-28,AWS,STORAGE,645.15,production,coreengine,0,none
2026-01-28,AWS,COMPUTE,1252.74,production,dataplatform,0,none
2026-01-28,GCP,STORAGE,647.22,dev,core-team,0,none
2026-01-28,Azure,COMPUTE,1203.67,production,fintech,0,none
2026-01-29,AWS,NETWORK,319.77,production,coreengine,0,none
2026-01-29,AWS,STORAGE,646.83,production,dataplatform,0,none
2026-01-29,AWS,COMPUTE,1223.22,staging,coreengine,0,none
2026-01-29,Azure,COMPUTE,1208.29,dev,fintech,0,none
2026-01-29,Azure,STORAGE,672.69,dev,fintech,0,none
2026-01-29,Azure,NETWORK,322.34,production,fintech,0,none
2026-01-29,GCP,NETWORK,313.06,prod,core-team,0,none
2026-01-29,GCP,STORAGE,649.12,dev,analytics,0,none
2026-01-29,GCP,COMPUTE,1253.75,prod,core-team,0,none
2026-01-30,Azure,COMPUTE,1244.24,dev,fintech,0,none
2026-01-30,Azure,STORAGE,632.02,dev,fintech,0,none
2026-01-30,Azure,NETWORK,309.14,production,fintech,0,none
2026-01-30,GCP,NETWORK,308.27,dev,core-team,0,none
2026-01-30,GCP,STORAGE,633.61,prod,analytics,0,none
2026-01-30,GCP,COMPUTE,1268.12,prod,core-team,0,none
2026-01-30,AWS,COMPUTE,1257.18,production,dataplatform,0,none
2026-01-30,AWS,STORAGE,678.38,staging,coreengine,0,none
2026-01-30,AWS,NETWORK,313.8,production,dataplatform,0,none
2026-01-31,GCP,NETWORK,189.29,prod,core-team,0,none
2026-01-31,AWS,STORAGE,638.26,staging,dataplatform,0,none
2026-01-31,GCP,STORAGE,647.87,prod,analytics,0,none
2026-01-31,AWS,NETWORK,195.57,production,dataplatform,0,none
2026-01-31,Azure,NETWORK,192.32,production,fintech,0,none
2026-01-31,Azure,STORAGE,652.41,dev,fintech,0,none
2026-01-31,Azure,COMPUTE,820.9,dev,fintech,0,none
2026-01-31,AWS,COMPUTE,771.36,production,coreengine,0,none
2026-01-31,GCP,COMPUTE,830.5,dev,core-team,0,none
2026-02-01,AWS,COMPUTE,816.34,production,dataplatform,0,none
2026-02-01,AWS,STORAGE,643.25,production,coreengine,0,none
2026-02-01,AWS,NETWORK,189.14,production,coreengine,0,none
2026-02-01,GCP,COMPUTE,813.43,prod,core-team,0,none
2026-02-01,GCP,STORAGE,608.1,dev,core-team,0,none
2026-02-01,GCP,NETWORK,187.97,dev,analytics,0,none
2026-02-01,Azure,COMPUTE,786.27,production,fintech,0,none
2026-02-01,Azure,STORAGE,636.0,production,fintech,0,none
2026-02-01,Azure,NETWORK,190.31,dev,fintech,0,none
2026-02-02,AWS,STORAGE,660.15,staging,coreengine,0,none
2026-02-02,AWS,COMPUTE,1250.27,production,coreengine,0,none
2026-02-02,Azure,COMPUTE,1275.94,production,fintech,0,none
2026-02-02,Azure,STORAGE,643.12,dev,fintech,0,none
2026-02-02,Azure,NETWORK,322.6,dev,fintech,0,none
2026-02-02,GCP,NETWORK,310.17,prod,analytics,0,none
2026-02-02,GCP,STORAGE,650.32,prod,analytics,0,none
2026-02-02,GCP,COMPUTE,1251.26,prod,core-team,0,none
2026-02-02,AWS,NETWORK,304.0,staging,coreengine,0,none
2026-02-03,Azure,COMPUTE,1253.63,dev,fintech,0,none
2026-02-03,Azure,STORAGE,690.67,dev,fintech,0,none
2026-02-03,Azure,NETWORK,312.5,production,fintech,0,none
2026-02-03,AWS,COMPUTE,1210.3,production,coreengine,0,none
2026-02-03,AWS,STORAGE,641.03,staging,coreengine,0,none
2026-02-03,AWS,NETWORK,319.95,production,coreengine,0,none
2026-02-03,GCP,COMPUTE,1237.23,dev,core-team,0,none
2026-02-03,GCP,STORAGE,640.43,prod,analytics,0,none
2026-02-03,GCP,NETWORK,312.0,prod,core-team,0,none
2026-02-04,Azure,NETWORK,306.92,dev,fintech,0,none
2026-02-04,Azure,STORAGE,691.09,production,fintech,0,none
2026-02-04,Azure,COMPUTE,1264.27,production,fintech,0,none
2026-02-04,GCP,COMPUTE,1222.12,prod,core-team,0,none
2026-02-04,GCP,STORAGE,658.78,prod,core-team,0,none
2026-02-04,GCP,NETWORK,307.36,prod,analytics,0,none
2026-02-04,AWS,NETWORK,327.34,production,dataplatform,0,none
2026-02-04,AWS,STORAGE,668.46,production,coreengine,0,none
2026-02-04,AWS,COMPUTE,1232.42,production,dataplatform,0,none
2026-02-05,GCP,COMPUTE,1291.63,prod,analytics,0,none
2026-02-05,GCP,STORAGE,675.02,prod,analytics,0,none
2026-02-05,GCP,NETWORK,322.05,prod,core-team,0,none
2026-02-05,Azure,COMPUTE,1296.31,dev,fintech,0,none
2026-02-05,Azure,STORAGE,680.07,production,fintech,0,none
2026-02-05,Azure,NETWORK,306.52,production,fintech,0,none
2026-02-05,AWS,COMPUTE,1227.38,production,coreengine,0,none
2026-02-05,AWS,STORAGE,665.2,staging,dataplatform,0,none
2026-02-05,AWS,NETWORK,323.99,production,dataplatform,0,none
2026-02-06,Azure,NETWORK,306.99,production,fintech,0,none
2026-02-06,GCP,NETWORK,307.49,prod,analytics,0,none
2026-02-06,GCP,STORAGE,671.92,prod,analytics,0,none
2026-02-06,GCP,COMPUTE,1283.01,dev,core-team,0,none
2026-02-06,AWS,COMPUTE,1226.79,production,coreengine,0,none
2026-02-06,AWS,STORAGE,649.26,production,coreengine,0,none
2026-02-06,AWS,NETWORK,312.65,staging,dataplatform,0,none
2026-02-06,Azure,COMPUTE,1234.03,production,fintech,0,none
2026-02-06,Azure,STORAGE,683.19,production,fintech,0,none
2026-02-07,AWS,STORAGE,663.47,production,dataplatform,0,none
2026-02-07,AWS,COMPUTE,782.05,production,dataplatform,0,none
2026-02-07,Azure,COMPUTE,824.33,production,fintech,0,none
2026-02-07,Azure,NETWORK,194.18,dev,fintech,0,none
2026-02-07,Azure,STORAGE,631.99,dev,fintech,0,none
2026-02-07,GCP,COMPUTE,819.8,prod,analytics,0,none
2026-02-07,GCP,STORAGE,644.98,prod,analytics,0,none
2026-02-07,GCP,NETWORK,197.35,dev,core-team,0,none
2026-02-07,AWS,NETWORK,198.95,staging,coreengine,0,none
2026-02-08,Azure,NETWORK,203.48,dev,fintech,0,none
2026-02-08,Azure,STORAGE,662.29,production,fintech,0,none
2026-02-08,Azure,COMPUTE,771.37,production,fintech,0,none
2026-02-08,GCP,COMPUTE,810.18,prod,analytics,0,none
2026-02-08,GCP,STORAGE,622.06,prod,analytics,0,none
2026-02-08,GCP,NETWORK,185.88,prod,core-team,0,none
2026-02-08,AWS,NETWORK,199.15,staging,dataplatform,0,none
2026-02-08,AWS,STORAGE,662.29,production,dataplatform,0,none
2026-02-08,AWS,COMPUTE,830.47,staging,coreengine,0,none
2026-02-09,GCP,NETWORK,321.31,prod,core-team,0,none
2026-02-09,AWS,NETWORK,320.51,staging,dataplatform,0,none
2026-02-09,AWS,STORAGE,699.29,production,coreengine,0,none
2026-02-09,AWS,COMPUTE,1226.94,production,coreengine,0,none
2026-02-09,Azure,COMPUTE,1305.71,production,fintech,0,none
2026-02-09,Azure,NETWORK,310.05,production,fintech,0,none
2026-02-09,Azure,STORAGE,691.54,dev,fintech,0,none
2026-02-09,GCP,COMPUTE,1244.72,dev,analytics,0,none
2026-02-09,GCP,STORAGE,685.91,prod,core-team,0,none
2026-02-10,Azure,COMPUTE,1286.03,dev,fintech,0,none
2026-02-10,Azure,NETWORK,307.77,dev,fintech,0,none
2026-02-10,GCP,COMPUTE,1245.49,prod,core-team,0,none
2026-02-10,GCP,NETWORK,322.71,prod,core-team,0,none
2026-02-10,GCP,STORAGE,706.47,dev,analytics,0,none
2026-02-10,AWS,COMPUTE,1290.99,production,dataplatform,0,none
2026-02-10,AWS,STORAGE,701.55,production,dataplatform,0,none
2026-02-10,AWS,NETWORK,315.34,production,coreengine,0,none
2026-02-10,Azure,STORAGE,654.14,production,fintech,0,none
2026-02-11,Azure,COMPUTE,1243.7,dev,fintech,0,none
2026-02-11,Azure,STORAGE,681.38,production,fintech,0,none
2026-02-11,Azure,NETWORK,327.43,dev,fintech,0,none
2026-02-11,AWS,STORAGE,667.16,staging,coreengine,0,none
2026-02-11,AWS,COMPUTE,1222.15,production,dataplatform,0,none
2026-02-11,GCP,COMPUTE,1234.98,dev,analytics,0,none
2026-02-11,GCP,STORAGE,660.27,dev,core-team,0,none
2026-02-11,GCP,NETWORK,311.6,prod,analytics,0,none
2026-02-11,AWS,NETWORK,318.63,production,coreengine,0,none
2026-02-12,AWS,COMPUTE,1295.13,production,coreengine,0,none
2026-02-12,Azure,NETWORK,315.19,dev,fintech,0,none
2026-02-12,Azure,STORAGE,681.04,production,fintech,0,none
2026-02-12,Azure,COMPUTE,1281.52,dev,fintech,0,none
2026-02-12,GCP,COMPUTE,1237.33,dev,analytics,0,none
2026-02-12,GCP,NETWORK,312.95,prod,analytics,0,none
2026-02-12,GCP,STORAGE,665.43,dev,core-team,0,none
2026-02-12,AWS,NETWORK,308.34,production,dataplatform,0,none
2026-02-12,AWS,STORAGE,703.74,production,dataplatform,0,none
2026-02-13,GCP,COMPUTE,1242.76,prod,core-team,0,none
2026-02-13,GCP,NETWORK,331.7,prod,analytics,0,none
2026-02-13,AWS,NETWORK,314.35,production,coreengine,0,none
2026-02-13,AWS,STORAGE,681.47,production,coreengine,0,none
2026-02-13,AWS,COMPUTE,1265.59,production,dataplatform,0,none
2026-02-13,Azure,COMPUTE,1314.79,dev,fintech,0,none
2026-02-13,Azure,STORAGE,681.95,production,fintech,0,none
2026-02-13,Azure,NETWORK,320.25,production,fintech,0,none
2026-02-13,GCP,STORAGE,668.07,dev,core-team,0,none
2026-02-14,GCP,COMPUTE,780.39,prod,core-team,0,none
2026-02-14,GCP,STORAGE,654.95,prod,analytics,0,none
2026-02-14,GCP,NETWORK,190.89,prod,analytics,0,none
2026-02-14,Azure,COMPUTE,788.83,production,fintech,0,none
2026-02-14,Azure,STORAGE,669.83,production,fintech,0,none
2026-02-14,Azure,NETWORK,198.19,dev,fintech,0,none
2026-02-14,AWS,COMPUTE,784.4,production,dataplatform,0,none
2026-02-14,AWS,NETWORK,204.61,production,dataplatform,0,none
2026-02-14,AWS,STORAGE,644.66,production,dataplatform,0,none
2026-02-15,Azure,STORAGE,632.45,production,fintech,0,none
2026-02-15,Azure,NETWORK,198.16,production,fintech,0,none
2026-02-15,AWS,NETWORK,198.74,production,coreengine,0,none
2026-02-15,AWS,STORAGE,656.54,production,coreengine,0,none
2026-02-15,AWS,COMPUTE,2820.8250000000003,production,coreengine,1,spike
2026-02-15,GCP,COMPUTE,3054.765,dev,core-team,1,spike
2026-02-15,Azure,COMPUTE,2784.46,dev,fintech,1,spike
2026-02-15,GCP,STORAGE,634.08,prod,core-team,0,none
2026-02-15,GCP,NETWORK,190.86,dev,analytics,0,none
2026-02-16,AWS,COMPUTE,1255.16,staging,dataplatform,0,none
2026-02-16,GCP,COMPUTE,1316.66,prod,core-team,0,none
2026-02-16,GCP,STORAGE,712.23,prod,analytics,0,none
2026-02-16,GCP,NETWORK,331.19,prod,analytics,0,none
2026-02-16,AWS,NETWORK,334.95,staging,dataplatform,0,none
2026-02-16,Azure,COMPUTE,1284.69,production,fintech,0,none
2026-02-16,Azure,STORAGE,679.45,dev,fintech,0,none
2026-02-16,Azure,NETWORK,334.65,production,fintech,0,none
2026-02-16,AWS,STORAGE,718.12,production,coreengine,0,none
2026-02-17,GCP,STORAGE,675.73,prod,analytics,0,none
2026-02-17,Azure,COMPUTE,1235.03,dev,fintech,0,none
2026-02-17,Azure,STORAGE,690.24,dev,fintech,0,none
2026-02-17,Azure,NETWORK,334.98,production,fintech,0,none
2026-02-17,AWS,COMPUTE,1245.27,staging,coreengine,0,none
2026-02-17,AWS,NETWORK,318.35,production,coreengine,0,none
2026-02-17,AWS,STORAGE,693.85,production,coreengine,0,none
2026-02-17,GCP,COMPUTE,1245.89,prod,core-team,0,none
2026-02-17,GCP,NETWORK,327.86,prod,core-team,0,none
2026-02-18,AWS,NETWORK,326.84,production,coreengine,0,none
2026-02-18,AWS,STORAGE,670.21,staging,coreengine,0,none
2026-02-18,AWS,COMPUTE,1250.11,staging,coreengine,0,none
2026-02-18,GCP,STORAGE,699.16,prod,core-team,0,none
2026-02-18,GCP,NETWORK,325.86,prod,analytics,0,none
2026-02-18,GCP,COMPUTE,1315.69,dev,core-team,0,none
2026-02-18,Azure,NETWORK,321.35,dev,fintech,0,none
2026-02-18,Azure,STORAGE,703.71,dev,fintech,0,none
2026-02-18,Azure,COMPUTE,1263.83,production,fintech,0,none
2026-02-19,Azure,NETWORK,322.15,dev,fintech,0,none
2026-02-19,Azure,STORAGE,725.03,dev,fintech,0,none
2026-02-19,Azure,COMPUTE,1250.5,dev,fintech,0,none
2026-02-19,AWS,COMPUTE,1273.77,staging,coreengine,0,none
2026-02-19,AWS,STORAGE,672.95,staging,coreengine,0,none
2026-02-19,AWS,NETWORK,318.75,staging,coreengine,0,none
2026-02-19,GCP,NETWORK,316.38,prod,analytics,0,none
2026-02-19,GCP,STORAGE,713.05,prod,analytics,0,none
2026-02-19,GCP,COMPUTE,1251.08,prod,analytics,0,none
2026-02-20,AWS,COMPUTE,1316.64,production,dataplatform,0,none
2026-02-20,AWS,STORAGE,685.42,production,coreengine,0,none
2026-02-20,AWS,NETWORK,315.77,staging,dataplatform,0,none
2026-02-20,GCP,COMPUTE,1257.02,dev,core-team,0,none
2026-02-20,Azure,COMPUTE,1315.2,dev,fintech,0,none
2026-02-20,GCP,NETWORK,325.2,prod,core-team,0,none
2026-02-20,GCP,STORAGE,695.82,prod,core-team,0,none
2026-02-20,Azure,NETWORK,317.54,production,fintech,0,none
2026-02-20,Azure,STORAGE,684.88,production,fintech,0,none
2026-02-21,Azure,STORAGE,675.42,production,fintech,0,none
2026-02-21,Azure,COMPUTE,781.84,dev,fintech,0,none
2026-02-21,AWS,NETWORK,188.58,staging,dataplatform,0,none
2026-02-21,AWS,COMPUTE,828.65,production,dataplatform,0,none
2026-02-21,GCP,COMPUTE,803.42,dev,core-team,0,none
2026-02-21,GCP,STORAGE,645.27,prod,analytics,0,none
2026-02-21,GCP,NETWORK,198.18,dev,analytics,0,none
2026-02-21,Azure,NETWORK,191.88,production,fintech,0,none
2026-02-21,AWS,STORAGE,694.17,production,coreengine,0,none
2026-02-22,Azure,COMPUTE,867.95,dev,fintech,0,none
2026-02-22,Azure,STORAGE,667.29,production,fintech,0,none
2026-02-22,Azure,NETWORK,207.81,production,fintech,0,none
2026-02-22,GCP,COMPUTE,809.09,prod,analytics,0,none
2026-02-22,GCP,STORAGE,673.38,prod,analytics,0,none
2026-02-22,AWS,COMPUTE,848.3,production,dataplatform,0,none
2026-02-22,AWS,STORAGE,683.53,production,coreengine,0,none
2026-02-22,AWS,NETWORK,188.76,production,coreengine,0,none
2026-02-22,GCP,NETWORK,186.59,prod,core-team,0,none
2026-02-23,GCP,COMPUTE,1277.57,prod,analytics,0,none
2026-02-23,GCP,STORAGE,707.84,prod,analytics,0,none
2026-02-23,GCP,NETWORK,314.79,dev,analytics,0,none
2026-02-23,Azure,STORAGE,726.82,production,fintech,0,none
2026-02-23,AWS,COMPUTE,1302.86,production,coreengine,0,none
2026-02-23,AWS,STORAGE,698.53,staging,dataplatform,0,none
2026-02-23,AWS,NETWORK,329.96,production,dataplatform,0,none
2026-02-23,Azure,NETWORK,333.72,dev,fintech,0,none
2026-02-23,Azure,COMPUTE,1247.31,production,fintech,0,none
2026-02-24,AWS,COMPUTE,1294.68,production,coreengine,0,none
2026-02-24,Azure,STORAGE,727.53,dev,fintech,0,none
2026-02-24,Azure,NETWORK,333.83,dev,fintech,0,none
2026-02-24,GCP,NETWORK,315.58,prod,core-team,0,none
2026-02-24,GCP,STORAGE,687.29,prod,core-team,0,none
2026-02-24,AWS,STORAGE,710.03,production,dataplatform,0,none
2026-02-24,AWS,NETWORK,316.28,production,dataplatform,0,none
2026-02-24,Azure,COMPUTE,1308.76,dev,fintech,0,none
2026-02-24,GCP,COMPUTE,1264.26,dev,analytics,0,none
2026-02-25,GCP,STORAGE,699.91,prod,core-team,0,none
2026-02-25,GCP,COMPUTE,1332.77,prod,core-team,0,none
2026-02-25,GCP,NETWORK,335.62,prod,analytics,0,none
2026-02-25,AWS,COMPUTE,1316.9,staging,dataplatform,0,none
2026-02-25,Azure,STORAGE,689.05,production,fintech,0,none
2026-02-25,Azure,COMPUTE,1295.45,production,fintech,0,none
2026-02-25,Azure,NETWORK,315.25,dev,fintech,0,none
2026-02-25,AWS,NETWORK,319.29,staging,dataplatform,0,none
2026-02-25,AWS,STORAGE,699.82,staging,coreengine,0,none
2026-02-26,AWS,STORAGE,717.18,production,dataplatform,0,none
2026-02-26,AWS,NETWORK,332.66,production,coreengine,0,none
2026-02-26,GCP,STORAGE,722.34,prod,core-team,0,none
2026-02-26,GCP,NETWORK,334.83,prod,analytics,0,none
2026-02-26,Azure,COMPUTE,1327.23,dev,fintech,0,none
2026-02-26,GCP,COMPUTE,1258.8,prod,analytics,0,none
2026-02-26,Azure,NETWORK,335.78,dev,fintech,0,none
2026-02-26,Azure,STORAGE,718.64,production,fintech,0,none
2026-02-26,AWS,COMPUTE,1236.83,staging,coreengine,0,none
2026-02-27,GCP,NETWORK,326.18,dev,analytics,0,none
2026-02-27,GCP,COMPUTE,1295.34,prod,core-team,0,none
2026-02-27,Azure,COMPUTE,1283.6,production,fintech,0,none
2026-02-27,Azure,NETWORK,318.65,production,fintech,0,none
2026-02-27,AWS,NETWORK,321.31,staging,coreengine,0,none
2026-02-27,AWS,STORAGE,714.69,production,dataplatform,0,none
2026-02-27,AWS,COMPUTE,1235.79,staging,coreengine,0,none
2026-02-27,Azure,STORAGE,692.14,production,fintech,0,none
2026-02-27,GCP,STORAGE,712.38,prod,core-team,0,none
2026-02-28,AWS,NETWORK,202.43,staging,dataplatform,0,none
2026-02-28,AWS,COMPUTE,851.5,staging,dataplatform,0,none
2026-02-28,GCP,COMPUTE,820.99,prod,analytics,0,none
2026-02-28,Azure,NETWORK,189.52,production,fintech,0,none
2026-02-28,Azure,COMPUTE,855.66,dev,fintech,0,none
2026-02-28,Azure,STORAGE,676.21,production,fintech,0,none
2026-02-28,AWS,STORAGE,661.55,production,dataplatform,0,none
2026-02-28,GCP,STORAGE,704.8,dev,core-team,0,none
2026-02-28,GCP,NETWORK,206.1,prod,core-team,0,none
2026-03-01,GCP,NETWORK,203.79,dev,analytics,0,none
2026-03-01,AWS,NETWORK,188.15,production,coreengine,0,none
2026-03-01,AWS,STORAGE,707.19,production,dataplatform,0,none
2026-03-01,AWS,COMPUTE,825.85,production,coreengine,0,none
2026-03-01,Azure,COMPUTE,836.66,production,fintech,0,none
2026-03-01,GCP,STORAGE,660.52,prod,analytics,0,none
2026-03-01,Azure,NETWORK,199.86,production,fintech,0,none
2026-03-01,Azure,STORAGE,657.07,production,fintech,0,none
2026-03-01,GCP,COMPUTE,885.46,prod,core-team,0,none
2026-03-02,Azure,NETWORK,324.99,production,fintech,0,none
2026-03-02,GCP,NETWORK,318.56,prod,core-team,0,none
2026-03-02,GCP,STORAGE,701.64,prod,core-team,0,none
2026-03-02,AWS,COMPUTE,1273.6,production,dataplatform,0,none
2026-03-02,AWS,STORAGE,697.74,production,dataplatform,0,none
2026-03-02,AWS,NETWORK,341.21,production,dataplatform,0,none
2026-03-02,GCP,COMPUTE,1335.24,dev,analytics,0,none
2026-03-02,Azure,COMPUTE,1266.16,production,fintech,0,none
2026-03-02,Azure,STORAGE,737.14,dev,fintech,0,none
2026-03-03,Azure,COMPUTE,1286.87,production,fintech,0,none
2026-03-03,Azure,STORAGE,693.79,production,fintech,0,none
2026-03-03,Azure,NETWORK,319.2,dev,fintech,0,none
2026-03-03,AWS,NETWORK,334.73,production,coreengine,0,none
2026-03-03,GCP,COMPUTE,1316.41,prod,core-team,0,none
2026-03-03,GCP,STORAGE,726.3,dev,analytics,0,none
2026-03-03,GCP,NETWORK,339.54,dev,analytics,0,none
2026-03-03,AWS,STORAGE,708.02,staging,coreengine,0,none
2026-03-03,AWS,COMPUTE,1330.49,staging,dataplatform,0,none
2026-03-04,AWS,STORAGE,727.2,staging,coreengine,0,none
2026-03-04,Azure,NETWORK,333.65,production,fintech,0,none
2026-03-04,Azure,STORAGE,722.84,production,fintech,0,none
2026-03-04,Azure,COMPUTE,1281.88,dev,fintech,0,none
2026-03-04,GCP,COMPUTE,1255.74,prod,analytics,0,none
2026-03-04,GCP,STORAGE,741.1,prod,core-team,0,none
2026-03-04,AWS,COMPUTE,1325.81,staging,coreengine,0,none
2026-03-04,GCP,NETWORK,323.1,prod,analytics,0,none
2026-03-04,AWS,NETWORK,331.79,production,coreengine,0,none
2026-03-05,GCP,STORAGE,706.5,prod,analytics,0,none
2026-03-05,GCP,NETWORK,339.84,dev,analytics,0,none
2026-03-05,AWS,NETWORK,342.03,production,coreengine,0,none
2026-03-05,AWS,STORAGE,702.37,production,dataplatform,0,none
2026-03-05,AWS,COMPUTE,1267.77,production,coreengine,0,none
2026-03-05,Azure,COMPUTE,1272.92,production,fintech,0,none
2026-03-05,Azure,STORAGE,737.32,production,fintech,0,none
2026-03-05,Azure,NETWORK,341.05,dev,fintech,0,none
2026-03-05,GCP,COMPUTE,1259.67,dev,core-team,0,none
2026-03-06,AWS,NETWORK,327.72,staging,coreengine,0,none
2026-03-06,AWS,STORAGE,735.75,staging,coreengine,0,none
2026-03-06,AWS,COMPUTE,1337.52,production,coreengine,0,none
2026-03-06,Azure,COMPUTE,1325.01,production,fintech,0,none
2026-03-06,Azure,NETWORK,331.48,dev,fintech,0,none
2026-03-06,Azure,STORAGE,701.19,dev,fintech,0,none
2026-03-06,GCP,COMPUTE,1313.13,prod,analytics,0,none
2026-03-06,GCP,STORAGE,729.34,prod,core-team,0,none
2026-03-06,GCP,NETWORK,328.25,dev,core-team,0,none
2026-03-07,AWS,NETWORK,210.06,production,coreengine,0,none
2026-03-07,AWS,STORAGE,706.7,staging,coreengine,0,none
2026-03-07,AWS,COMPUTE,827.72,production,dataplatform,0,none
2026-03-07,Azure,COMPUTE,802.37,production,fintech,0,none
2026-03-07,GCP,COMPUTE,882.53,dev,core-team,0,none
2026-03-07,Azure,NETWORK,212.45,production,fintech,0,none
2026-03-07,Azure,STORAGE,678.44,dev,fintech,0,none
2026-03-07,GCP,STORAGE,687.22,prod,analytics,0,none
2026-03-07,GCP,NETWORK,207.92,dev,core-team,0,none
2026-03-08,AWS,STORAGE,711.79,production,coreengine,0,none
2026-03-08,GCP,COMPUTE,838.02,prod,core-team,0,none
2026-03-08,GCP,STORAGE,688.19,prod,analytics,0,none
2026-03-08,GCP,NETWORK,198.81,prod,core-team,0,none
2026-03-08,AWS,COMPUTE,884.58,production,dataplatform,0,none
2026-03-08,AWS,NETWORK,203.58,staging,dataplatform,0,none
2026-03-08,Azure,COMPUTE,807.2,production,fintech,0,none
2026-03-08,Azure,STORAGE,695.33,dev,fintech,0,none
2026-03-08,Azure,NETWORK,202.95,dev,fintech,0,none
2026-03-09,AWS,NETWORK,344.13,staging,coreengine,0,none
2026-03-09,GCP,NETWORK,333.57,prod,analytics,0,none
2026-03-09,GCP,STORAGE,748.54,dev,core-team,0,none
2026-03-09,GCP,COMPUTE,1279.84,dev,core-team,0,none
2026-03-09,Azure,NETWORK,320.42,production,fintech,0,none
2026-03-09,Azure,COMPUTE,1321.56,dev,fintech,0,none
2026-03-09,AWS,COMPUTE,1257.23,production,coreengine,0,none
2026-03-09,AWS,STORAGE,714.13,production,coreengine,0,none
2026-03-09,Azure,STORAGE,737.5,production,fintech,0,none
2026-03-10,GCP,COMPUTE,1274.11,prod,analytics,0,none
2026-03-10,Azure,COMPUTE,1283.92,dev,fintech,0,none
2026-03-10,Azure,STORAGE,737.04,dev,fintech,0,none
2026-03-10,Azure,NETWORK,322.99,production,fintech,0,none
2026-03-10,GCP,STORAGE,759.53,dev,analytics,0,none
2026-03-10,AWS,NETWORK,323.35,production,dataplatform,0,none
2026-03-10,AWS,COMPUTE,1313.09,production,coreengine,0,none
2026-03-10,AWS,STORAGE,707.1,production,coreengine,0,none
2026-03-10,GCP,NETWORK,330.9,dev,analytics,0,none
2026-03-11,GCP,COMPUTE,1308.04,prod,analytics,0,none
2026-03-11,GCP,STORAGE,762.0,prod,analytics,0,none
2026-03-11,GCP,NETWORK,337.82,prod,analytics,0,none
2026-03-11,Azure,COMPUTE,1287.92,dev,fintech,0,none
2026-03-11,Azure,STORAGE,710.44,dev,fintech,0,none
2026-03-11,Azure,NETWORK,323.22,dev,fintech,0,none
2026-03-11,AWS,NETWORK,325.42,production,coreengine,0,none
2026-03-11,AWS,STORAGE,708.78,production,coreengine,0,none
2026-03-11,AWS,COMPUTE,1320.55,production,dataplatform,0,none
2026-03-12,GCP,COMPUTE,1265.0,prod,core-team,0,none
2026-03-12,GCP,NETWORK,338.42,prod,analytics,0,none
2026-03-12,GCP,STORAGE,766.04,prod,core-team,0,none
2026-03-12,AWS,COMPUTE,1310.09,production,dataplatform,0,none
2026-03-12,AWS,STORAGE,751.36,production,coreengine,0,none
2026-03-12,AWS,NETWORK,339.07,production,dataplatform,0,none
2026-03-12,Azure,NETWORK,336.81,production,fintech,0,none
2026-03-12,Azure,STORAGE,718.26,dev,fintech,0,none
2026-03-12,Azure,COMPUTE,1294.24,dev,fintech,0,none
2026-03-13,Azure,STORAGE,759.84,dev,fintech,0,none
2026-03-13,Azure,COMPUTE,1326.3,dev,fintech,0,none
2026-03-13,GCP,COMPUTE,1289.24,prod,core-team,0,none
2026-03-13,GCP,STORAGE,720.59,prod,analytics,0,none
2026-03-13,GCP,NETWORK,343.39,prod,core-team,0,none
2026-03-13,Azure,NETWORK,327.45,production,fintech,0,none
2026-03-13,AWS,NETWORK,328.45,production,coreengine,0,none
2026-03-13,AWS,STORAGE,754.59,staging,dataplatform,0,none
2026-03-13,AWS,COMPUTE,1277.68,staging,dataplatform,0,none
2026-03-14,AWS,COMPUTE,831.93,production,coreengine,0,none
2026-03-14,GCP,NETWORK,212.19,prod,core-team,0,none
2026-03-14,GCP,STORAGE,708.79,dev,analytics,0,none
2026-03-14,GCP,COMPUTE,862.76,dev,core-team,0,none
2026-03-14,AWS,NETWORK,205.62,production,coreengine,0,none
2026-03-14,AWS,STORAGE,721.47,staging,dataplatform,0,none
2026-03-14,Azure,COMPUTE,815.41,dev,fintech,0,none
2026-03-14,Azure,STORAGE,683.26,production,fintech,0,none
2026-03-14,Azure,NETWORK,205.27,production,fintech,0,none
2026-03-15,AWS,NETWORK,203.74,production,coreengine,0,none
2026-03-15,Azure,NETWORK,213.64,dev,fintech,0,none
2026-03-15,Azure,STORAGE,680.75,production,fintech,0,none
2026-03-15,GCP,NETWORK,196.83,dev,core-team,0,none
2026-03-15,Azure,COMPUTE,872.81,dev,fintech,0,none
2026-03-15,AWS,COMPUTE,887.76,staging,dataplatform,0,none
2026-03-15,AWS,STORAGE,718.11,production,dataplatform,0,none
2026-03-15,GCP,STORAGE,687.91,prod,analytics,0,none
2026-03-15,GCP,COMPUTE,881.41,prod,core-team,0,none
2026-03-16,GCP,NETWORK,324.42,dev,core-team,0,none
2026-03-16,GCP,STORAGE,762.6,prod,analytics,0,none
2026-03-16,GCP,COMPUTE,1284.62,prod,analytics,0,none
2026-03-16,Azure,NETWORK,342.64,dev,fintech,0,none
2026-03-16,AWS,NETWORK,330.67,staging,dataplatform,0,none
2026-03-16,Azure,STORAGE,750.47,dev,fintech,0,none
2026-03-16,Azure,COMPUTE,1264.01,production,fintech,0,none
2026-03-16,AWS,STORAGE,740.08,production,coreengine,0,none
2026-03-16,AWS,COMPUTE,1268.38,production,coreengine,0,none
2026-03-17,GCP,NETWORK,347.67,dev,analytics,0,none
2026-03-17,Azure,NETWORK,345.65,production,fintech,0,none
2026-03-17,Azure,STORAGE,762.85,dev,fintech,0,none
2026-03-17,Azure,COMPUTE,1351.45,production,fintech,0,none
2026-03-17,GCP,STORAGE,765.75,prod,core-team,0,none
2026-03-17,GCP,COMPUTE,1319.84,dev,core-team,0,none
2026-03-17,AWS,NETWORK,334.61,production,dataplatform,0,none
2026-03-17,AWS,STORAGE,778.38,production,dataplatform,0,none
2026-03-17,AWS,COMPUTE,1285.62,production,coreengine,0,none
2026-03-18,AWS,NETWORK,345.97,staging,dataplatform,0,none
2026-03-18,AWS,COMPUTE,1355.21,staging,dataplatform,0,none
2026-03-18,Azure,NETWORK,326.65,dev,fintech,0,none
2026-03-18,Azure,STORAGE,770.94,production,fintech,0,none
2026-03-18,Azure,COMPUTE,1297.12,dev,fintech,0,none
2026-03-18,GCP,COMPUTE,1297.4,prod,core-team,0,none
2026-03-18,AWS,STORAGE,759.89,staging,coreengine,0,none
2026-03-18,GCP,NETWORK,327.47,prod,analytics,0,none
2026-03-18,GCP,STORAGE,771.33,prod,analytics,0,none
2026-03-19,GCP,COMPUTE,1351.96,prod,analytics,0,none
2026-03-19,Azure,COMPUTE,1357.05,production,fintech,0,none
2026-03-19,Azure,STORAGE,756.87,dev,fintech,0,none
2026-03-19,Azure,NETWORK,347.09,dev,fintech,0,none
2026-03-19,AWS,NETWORK,338.3,production,dataplatform,0,none
2026-03-19,AWS,COMPUTE,1315.78,staging,dataplatform,0,none
2026-03-19,AWS,STORAGE,758.64,staging,dataplatform,0,none
2026-03-19,GCP,NETWORK,335.72,dev,analytics,0,none
2026-03-19,GCP,STORAGE,731.53,dev,core-team,0,none
2026-03-20,AWS,COMPUTE,1284.89,staging,dataplatform,0,none
2026-03-20,AWS,STORAGE,769.45,staging,coreengine,0,none
2026-03-20,GCP,COMPUTE,1348.32,prod,analytics,0,none
2026-03-20,GCP,STORAGE,734.83,prod,analytics,0,none
2026-03-20,GCP,NETWORK,331.66,prod,analytics,0,none
2026-03-20,Azure,NETWORK,339.72,production,fintech,0,none
2026-03-20,Azure,STORAGE,764.68,production,fintech,0,none
2026-03-20,Azure,COMPUTE,1311.98,production,fintech,0,none
2026-03-20,AWS,NETWORK,333.05,production,dataplatform,0,none
2026-03-21,Azure,NETWORK,191.76,production,fintech,0,none
2026-03-21,Azure,STORAGE,694.73,dev,fintech,0,none
2026-03-21,Azure,COMPUTE,881.45,dev,fintech,0,none
2026-03-21,AWS,NETWORK,194.93,staging,dataplatform,0,none
2026-03-21,AWS,STORAGE,728.92,staging,coreengine,0,none
2026-03-21,GCP,NETWORK,207.53,dev,core-team,0,none
2026-03-21,GCP,STORAGE,733.44,prod,core-team,0,none
2026-03-21,GCP,COMPUTE,880.47,dev,core-team,0,none
2026-03-21,AWS,COMPUTE,806.85,staging,dataplatform,0,none
2026-03-22,Azure,COMPUTE,831.29,production,fintech,0,none
2026-03-22,GCP,COMPUTE,878.48,prod,analytics,0,none
2026-03-22,Azure,NETWORK,214.11,production,fintech,0,none
2026-03-22,GCP,NETWORK,197.25,prod,core-team,0,none
2026-03-22,Azure,STORAGE,701.3,production,fintech,0,none
2026-03-22,GCP,STORAGE,724.6,dev,analytics,0,none
2026-03-22,AWS,COMPUTE,904.51,production,coreengine,0,none
2026-03-22,AWS,STORAGE,749.6,production,dataplatform,0,none
2026-03-22,AWS,NETWORK,215.28,production,dataplatform,0,none
2026-03-23,GCP,COMPUTE,1305.19,prod,analytics,0,none
2026-03-23,GCP,STORAGE,742.59,dev,analytics,0,none
2026-03-23,GCP,NETWORK,351.63,prod,core-team,0,none
2026-03-23,AWS,STORAGE,732.46,production,dataplatform,0,none
2026-03-23,AWS,NETWORK,352.17,production,coreengine,0,none
2026-03-23,Azure,NETWORK,336.06,dev,fintech,0,none
2026-03-23,Azure,STORAGE,791.01,production,fintech,0,none
2026-03-23,Azure,COMPUTE,1291.82,dev,fintech,0,none
2026-03-23,AWS,COMPUTE,1307.77,staging,dataplatform,0,none
2026-03-24,Azure,STORAGE,781.71,production,fintech,0,none
2026-03-24,AWS,COMPUTE,1315.4,staging,dataplatform,0,none
2026-03-24,AWS,STORAGE,792.52,staging,coreengine,0,none
2026-03-24,AWS,NETWORK,353.65,staging,coreengine,0,none
2026-03-24,GCP,NETWORK,339.96,prod,analytics,0,none
2026-03-24,GCP,STORAGE,757.94,dev,analytics,0,none
2026-03-24,GCP,COMPUTE,1331.83,dev,analytics,0,none
2026-03-24,Azure,COMPUTE,1289.36,dev,fintech,0,none
2026-03-24,Azure,NETWORK,345.33,production,fintech,0,none
2026-03-25,GCP,COMPUTE,1371.89,prod,core-team,0,none
2026-03-25,Azure,STORAGE,769.39,production,fintech,0,none
2026-03-25,GCP,STORAGE,744.76,prod,analytics,0,none
2026-03-25,AWS,COMPUTE,1361.9,production,dataplatform,0,none
2026-03-25,AWS,STORAGE,753.4,production,coreengine,0,none
2026-03-25,AWS,NETWORK,338.36,staging,dataplatform,0,none
2026-03-25,Azure,COMPUTE,1324.31,production,fintech,0,none
2026-03-25,GCP,NETWORK,343.86,prod,core-team,0,none
2026-03-25,Azure,NETWORK,347.49,dev,fintech,0,none
2026-03-26,GCP,STORAGE,774.85,prod,core-team,0,none
2026-03-26,Azure,COMPUTE,1297.19,production,fintech,0,none
2026-03-26,Azure,STORAGE,798.49,production,fintech,0,none
2026-03-26,AWS,COMPUTE,1363.25,production,coreengine,0,none
2026-03-26,AWS,STORAGE,756.75,production,coreengine,0,none
2026-03-26,AWS,NETWORK,332.96,production,coreengine,0,none
2026-03-26,GCP,COMPUTE,1326.62,prod,core-team,0,none
2026-03-26,GCP,NETWORK,328.82,prod,core-team,0,none
2026-03-26,Azure,NETWORK,354.99,dev,fintech,0,none
2026-03-27,AWS,COMPUTE,1333.53,production,coreengine,0,none
2026-03-27,AWS,STORAGE,796.87,production,dataplatform,0,none
2026-03-27,AWS,NETWORK,347.87,staging,coreengine,0,none
2026-03-27,Azure,COMPUTE,1343.46,production,fintech,0,none
2026-03-27,GCP,COMPUTE,1367.02,dev,core-team,0,none
2026-03-27,Azure,STORAGE,751.49,dev,fintech,0,none
2026-03-27,GCP,STORAGE,796.62,dev,analytics,0,none
2026-03-27,Azure,NETWORK,347.44,dev,fintech,0,none
2026-03-27,GCP,NETWORK,344.28,dev,core-team,0,none
2026-03-28,Azure,COMPUTE,818.37,dev,fintech,0,none
2026-03-28,Azure,STORAGE,704.41,dev,fintech,0,none
2026-03-28,Azure,NETWORK,199.15,dev,fintech,0,none
2026-03-28,AWS,COMPUTE,871.3,staging,dataplatform,0,none
2026-03-28,AWS,STORAGE,708.52,production,dataplatform,0,none
2026-03-28,GCP,COMPUTE,884.76,dev,analytics,0,none
2026-03-28,GCP,NETWORK,211.49,prod,core-team,0,none
2026-03-28,GCP,STORAGE,759.49,prod,core-team,0,none
2026-03-28,AWS,NETWORK,208.96,production,coreengine,0,none
2026-03-29,AWS,COMPUTE,916.99,staging,coreengine,0,none
2026-03-29,AWS,STORAGE,713.01,production,dataplatform,0,none
2026-03-29,GCP,NETWORK,209.03,prod,core-team,0,none
2026-03-29,Azure,NETWORK,212.34,dev,fintech,0,none
2026-03-29,Azure,STORAGE,758.1,dev,fintech,0,none
2026-03-29,Azure,COMPUTE,860.85,dev,fintech,0,none
2026-03-29,AWS,NETWORK,206.6,production,coreengine,0,none
2026-03-29,GCP,COMPUTE,827.84,dev,analytics,0,none
2026-03-29,GCP,STORAGE,740.02,prod,analytics,0,none
2026-03-30,GCP,COMPUTE,1323.92,prod,analytics,0,none
2026-03-30,AWS,STORAGE,790.95,production,coreengine,0,none
2026-03-30,AWS,NETWORK,349.42,production,dataplatform,0,none
2026-03-30,GCP,NETWORK,355.95,prod,core-team,0,none
2026-03-30,Azure,NETWORK,339.76,production,fintech,0,none
2026-03-30,Azure,STORAGE,771.37,dev,fintech,0,none
2026-03-30,Azure,COMPUTE,1357.86,dev,fintech,0,none
2026-03-30,AWS,COMPUTE,1372.21,staging,dataplatform,0,none
2026-03-30,GCP,STORAGE,790.68,dev,analytics,0,none
2026-03-31,GCP,COMPUTE,1378.9,prod,analytics,0,none
2026-03-31,GCP,STORAGE,774.94,prod,analytics,0,none
2026-03-31,Azure,NETWORK,331.83,production,fintech,0,none
2026-03-31,Azure,STORAGE,808.35,dev,fintech,0,none
2026-03-31,Azure,COMPUTE,1319.74,dev,fintech,0,none
2026-03-31,GCP,NETWORK,333.84,dev,analytics,0,none
2026-03-31,AWS,COMPUTE,1355.1,production,dataplatform,0,none
2026-03-31,AWS,STORAGE,769.25,staging,dataplatform,0,none
2026-03-31,AWS,NETWORK,338.81,production,dataplatform,0,none
2026-04-01,AWS,NETWORK,355.13,production,dataplatform,0,none
2026-04-01,GCP,COMPUTE,1386.78,prod,analytics,0,none
2026-04-01,GCP,STORAGE,801.15,prod,analytics,0,none
2026-04-01,GCP,NETWORK,334.64,prod,core-team,0,none
2026-04-01,Azure,NETWORK,343.31,dev,fintech,0,none
2026-04-01,Azure,STORAGE,784.91,dev,fintech,0,none
2026-04-01,Azure,COMPUTE,1374.2,dev,fintech,0,none
2026-04-01,AWS,STORAGE,799.35,production,dataplatform,0,none
2026-04-01,AWS,COMPUTE,1368.04,staging,dataplatform,0,none
2026-04-02,Azure,NETWORK,355.82,production,fintech,0,none
2026-04-02,AWS,COMPUTE,1380.68,production,dataplatform,0,none
2026-04-02,Azure,COMPUTE,1360.58,production,fintech,0,none
2026-04-02,GCP,NETWORK,346.02,dev,analytics,0,none
2026-04-02,GCP,STORAGE,805.14,prod,core-team,0,none
2026-04-02,GCP,COMPUTE,1381.5,dev,core-team,0,none
2026-04-02,AWS,NETWORK,345.54,staging,coreengine,0,none
2026-04-02,AWS,STORAGE,782.71,staging,dataplatform,0,none
2026-04-02,Azure,STORAGE,781.17,production,fintech,0,none
2026-04-03,AWS,STORAGE,793.41,production,dataplatform,0,none
2026-04-03,AWS,COMPUTE,1369.93,production,dataplatform,0,none
2026-04-03,AWS,NETWORK,351.59,production,dataplatform,0,none
2026-04-03,Azure,COMPUTE,1380.89,production,fintech,0,none
2026-04-03,Azure,NETWORK,339.82,dev,fintech,0,none
2026-04-03,GCP,NETWORK,333.68,prod,core-team,0,none
2026-04-03,GCP,STORAGE,777.67,dev,core-team,0,none
2026-04-03,GCP,COMPUTE,1347.77,prod,core-team,0,none
2026-04-03,Azure,STORAGE,779.09,dev,fintech,0,none
2026-04-04,Azure,COMPUTE,880.57,dev,fintech,0,none
2026-04-04,Azure,STORAGE,772.63,production,fintech,0,none
2026-04-04,Azure,NETWORK,199.88,production,fintech,0,none
2026-04-04,GCP,NETWORK,194.17,prod,core-team,0,none
2026-04-04,GCP,STORAGE,765.74,prod,core-team,0,none
2026-04-04,AWS,NETWORK,203.41,production,coreengine,0,none
2026-04-04,GCP,COMPUTE,853.01,prod,analytics,0,none
2026-04-04,AWS,COMPUTE,902.37,production,dataplatform,0,none
2026-04-04,AWS,STORAGE,771.22,staging,coreengine,0,none
2026-04-05,Azure,COMPUTE,884.84,dev,fintech,0,none
2026-04-05,Azure,STORAGE,756.89,production,fintech,0,none
2026-04-05,Azure,NETWORK,214.67,dev,fintech,0,none
2026-04-05,AWS,COMPUTE,858.3,production,dataplatform,0,none
2026-04-05,AWS,STORAGE,723.0,staging,coreengine,0,none
2026-04-05,AWS,NETWORK,210.37,staging,coreengine,0,none
2026-04-05,GCP,COMPUTE,853.79,prod,analytics,0,none
2026-04-05,GCP,STORAGE,742.18,prod,core-team,0,none
2026-04-05,GCP,NETWORK,209.24,prod,core-team,0,none
2026-04-06,Azure,STORAGE,803.64,dev,fintech,0,none
2026-04-06,Azure,NETWORK,358.87,dev,fintech,0,none
2026-04-06,GCP,COMPUTE,1387.59,prod,analytics,0,none
2026-04-06,Azure,COMPUTE,1302.93,production,fintech,0,none
2026-04-06,GCP,STORAGE,780.29,prod,analytics,0,none
2026-04-06,AWS,NETWORK,348.69,staging,dataplatform,0,none
2026-04-06,AWS,STORAGE,787.83,production,dataplatform,0,none
2026-04-06,AWS,COMPUTE,1292.66,production,dataplatform,0,none
2026-04-06,GCP,NETWORK,343.25,prod,analytics,0,none
2026-04-07,GCP,COMPUTE,1369.54,prod,core-team,0,none
2026-04-07,GCP,STORAGE,788.97,prod,core-team,0,none
2026-04-07,GCP,NETWORK,340.33,dev,analytics,0,none
2026-04-07,AWS,COMPUTE,1321.05,production,coreengine,0,none
2026-04-07,AWS,STORAGE,797.76,production,dataplatform,0,none
2026-04-07,Azure,NETWORK,361.12,dev,fintech,0,none
2026-04-07,Azure,STORAGE,775.37,dev,fintech,0,none
2026-04-07,AWS,NETWORK,334.93,production,coreengine,0,none
2026-04-07,Azure,COMPUTE,1309.56,dev,fintech,0,none
2026-04-08,AWS,STORAGE,814.49,production,coreengine,0,none
2026-04-08,Azure,COMPUTE,1311.16,dev,fintech,0,none
2026-04-08,GCP,STORAGE,771.19,prod,analytics,0,none
2026-04-08,GCP,COMPUTE,1340.38,prod,core-team,0,none
2026-04-08,AWS,COMPUTE,1295.7,staging,dataplatform,0,none
2026-04-08,GCP,NETWORK,339.48,prod,core-team,0,none
2026-04-08,Azure,NETWORK,348.28,dev,fintech,0,none
2026-04-08,Azure,STORAGE,816.51,production,fintech,0,none
2026-04-08,AWS,NETWORK,344.6,production,dataplatform,0,none
2026-04-09,Azure,NETWORK,347.47,dev,fintech,0,none
2026-04-09,Azure,COMPUTE,1319.76,production,fintech,0,none
2026-04-09,GCP,COMPUTE,1346.82,dev,analytics,0,none
2026-04-09,GCP,STORAGE,790.84,prod,core-team,0,none
2026-04-09,AWS,COMPUTE,1306.81,production,dataplatform,0,none
2026-04-09,AWS,STORAGE,797.42,staging,coreengine,0,none
2026-04-09,AWS,NETWORK,356.54,production,coreengine,0,none
2026-04-09,GCP,NETWORK,360.58,prod,core-team,0,none
2026-04-09,Azure,STORAGE,819.61,production,fintech,0,none
2026-04-10,GCP,NETWORK,353.2,prod,analytics,0,none
2026-04-10,GCP,COMPUTE,1333.66,prod,core-team,0,none
2026-04-10,GCP,STORAGE,803.14,prod,analytics,0,none
2026-04-10,Azure,COMPUTE,1350.1,production,fintech,0,none
2026-04-10,AWS,COMPUTE,1317.84,production,dataplatform,0,none
2026-04-10,Azure,STORAGE,789.01,production,fintech,0,none
2026-04-10,Azure,NETWORK,352.1,production,fintech,0,none
2026-04-10,AWS,NETWORK,337.91,production,dataplatform,0,none
2026-04-10,AWS,STORAGE,805.85,production,coreengine,0,none
2026-04-11,Azure,COMPUTE,883.218,production,fintech,1,drift
2026-04-11,Azure,STORAGE,753.03,production,fintech,0,none
2026-04-11,Azure,NETWORK,234.297,production,fintech,1,drift
2026-04-11,AWS,STORAGE,762.01,staging,coreengine,0,none
2026-04-11,AWS,COMPUTE,870.5340000000001,staging,dataplatform,1,drift
2026-04-11,GCP,COMPUTE,866.1555,prod,analytics,1,drift
2026-04-11,GCP,STORAGE,770.47,prod,core-team,0,none
2026-04-11,GCP,NETWORK,211.03950000000003,prod,analytics,1,drift
2026-04-11,AWS,NETWORK,221.697,production,coreengine,1,drift
2026-04-12,AWS,STORAGE,834.6407499999999,production,coreengine,1,drift
2026-04-12,AWS,NETWORK,223.64,production,dataplatform,0,none
2026-04-12,Azure,NETWORK,205.4,production,fintech,0,none
2026-04-12,AWS,COMPUTE,893.33,staging,coreengine,0,none
2026-04-12,Azure,STORAGE,829.857,production,fintech,1,drift
2026-04-12,Azure,COMPUTE,852.32,dev,fintech,0,none
2026-04-12,GCP,NETWORK,207.91,prod,core-team,0,none
2026-04-12,GCP,STORAGE,794.812,prod,core-team,1,drift
2026-04-12,GCP,COMPUTE,928.33,dev,analytics,0,none
2026-04-13,Azure,NETWORK,400.609,production,fintech,1,drift
2026-04-13,GCP,NETWORK,386.16600000000005,prod,analytics,1,drift
2026-04-13,GCP,STORAGE,835.96,dev,core-team,0,none
2026-04-13,GCP,COMPUTE,1438.932,dev,core-team,1,drift
2026-04-13,Azure,STORAGE,780.26,production,fintech,0,none
2026-04-13,Azure,COMPUTE,1520.86,production,fintech,1,drift
2026-04-13,AWS,COMPUTE,1490.236,production,dataplatform,1,drift
2026-04-13,AWS,NETWORK,395.2190000000001,production,dataplatform,1,drift
2026-04-13,AWS,STORAGE,792.61,production,coreengine,0,none
2026-04-14,Azure,NETWORK,339.51,dev,fintech,0,none
2026-04-14,Azure,STORAGE,887.6025,dev,fintech,1,drift
2026-04-14,Azure,COMPUTE,1349.49,production,fintech,0,none
2026-04-14,AWS,STORAGE,902.3175,production,dataplatform,1,drift
2026-04-14,AWS,NETWORK,339.65,production,dataplatform,0,none
2026-04-14,GCP,NETWORK,358.53,prod,core-team,0,none
2026-04-14,GCP,STORAGE,875.35125,prod,analytics,1,drift
2026-04-14,GCP,COMPUTE,1364.84,prod,analytics,0,none
2026-04-14,AWS,COMPUTE,1329.67,production,coreengine,0,none
2026-04-15,GCP,NETWORK,395.25500000000005,prod,analytics,1,drift
2026-04-15,Azure,NETWORK,399.52150000000006,dev,fintech,1,drift
2026-04-15,Azure,STORAGE,809.28,dev,fintech,0,none
2026-04-15,Azure,COMPUTE,1518.2070000000003,production,fintech,1,drift
2026-04-15,GCP,COMPUTE,1523.2095000000002,dev,analytics,1,drift
2026-04-15,AWS,COMPUTE,1500.1865000000005,production,dataplatform,1,drift
2026-04-15,AWS,STORAGE,837.91,production,coreengine,0,none
2026-04-15,GCP,STORAGE,833.73,prod,core-team,0,none
2026-04-15,AWS,NETWORK,415.679,production,coreengine,1,drift
2026-04-16,Azure,STORAGE,946.486,production,fintech,1,drift
2026-04-16,Azure,COMPUTE,1393.22,production,fintech,0,none
2026-04-16,AWS,STORAGE,944.8175,production,coreengine,1,drift
2026-04-16,Azure,NETWORK,345.41,dev,fintech,0,none
2026-04-16,GCP,COMPUTE,1323.91,prod,analytics,0,none
2026-04-16,GCP,STORAGE,916.46475,prod,analytics,1,drift
2026-04-16,GCP,NETWORK,351.71,dev,core-team,0,none
2026-04-16,AWS,NETWORK,343.29,staging,coreengine,0,none
2026-04-16,AWS,COMPUTE,1378.78,staging,coreengine,0,none
2026-04-17,GCP,COMPUTE,1639.2600000000002,prod,core-team,1,drift
2026-04-17,GCP,STORAGE,783.79,prod,core-team,0,none
2026-04-17,GCP,NETWORK,432.936,dev,core-team,1,drift
2026-04-17,Azure,NETWORK,412.3200000000001,dev,fintech,1,drift
2026-04-17,Azure,STORAGE,825.43,production,fintech,0,none
2026-04-17,AWS,COMPUTE,1585.9800000000002,staging,coreengine,1,drift
2026-04-17,AWS,STORAGE,795.78,production,coreengine,0,none
2026-04-17,Azure,COMPUTE,1646.0880000000002,production,fintech,1,drift
2026-04-17,AWS,NETWORK,425.268,production,coreengine,1,drift
2026-04-18,AWS,STORAGE,960.06925,production,coreengine,1,drift
2026-04-18,Azure,COMPUTE,848.15,dev,fintech,0,none
2026-04-18,Azure,STORAGE,910.33425,production,fintech,1,drift
2026-04-18,Azure,NETWORK,218.79,dev,fintech,0,none
2026-04-18,GCP,NETWORK,210.42,prod,analytics,0,none
2026-04-18,GCP,STORAGE,949.24025,prod,core-team,1,drift
2026-04-18,GCP,COMPUTE,879.24,dev,analytics,0,none
2026-04-18,AWS,NETWORK,205.88,production,coreengine,0,none
2026-04-18,AWS,COMPUTE,907.68,staging,coreengine,0,none
2026-04-19,GCP,NETWORK,253.3,dev,analytics,1,drift
2026-04-19,GCP,STORAGE,779.09,dev,analytics,0,none
2026-04-19,GCP,COMPUTE,1093.1125,dev,core-team,1,drift
2026-04-19,AWS,NETWORK,267.425,production,coreengine,1,drift
2026-04-19,AWS,STORAGE,790.73,production,dataplatform,0,none
2026-04-19,Azure,NETWORK,277.6875,production,fintech,1,drift
2026-04-19,Azure,STORAGE,773.54,production,fintech,0,none
2026-04-19,Azure,COMPUTE,1128.9375,production,fintech,1,drift
2026-04-19,AWS,COMPUTE,1168.575,staging,coreengine,1,drift
2026-04-20,Azure,NETWORK,364.94,production,fintech,0,none
2026-04-20,Azure,STORAGE,1050.07725,production,fintech,1,drift
2026-04-20,Azure,COMPUTE,1396.84,production,fintech,0,none
2026-04-20,GCP,COMPUTE,1328.8,dev,core-team,0,none
2026-04-20,GCP,NETWORK,367.15,dev,analytics,0,none
2026-04-20,GCP,STORAGE,1073.142,prod,core-team,1,drift
2026-04-20,AWS,COMPUTE,1375.69,staging,coreengine,0,none
2026-04-20,AWS,STORAGE,1036.2435,production,dataplatform,1,drift
2026-04-20,AWS,NETWORK,347.35,production,coreengine,0,none
2026-04-21,GCP,STORAGE,804.96,prod,core-team,0,none
2026-04-21,GCP,NETWORK,466.817,prod,core-team,1,drift
2026-04-21,AWS,COMPUTE,1754.051,production,dataplatform,1,drift
2026-04-21,AWS,STORAGE,836.91,production,coreengine,0,none
2026-04-21,AWS,NETWORK,443.573,production,coreengine,1,drift
2026-04-21,GCP,COMPUTE,1756.5210000000002,prod,analytics,1,drift
2026-04-21,Azure,NETWORK,452.998,dev,fintech,1,drift
2026-04-21,Azure,COMPUTE,1732.744,dev,fintech,1,drift
2026-04-21,Azure,STORAGE,794.54,dev,fintech,0,none
2026-04-22,Azure,COMPUTE,1318.08,dev,fintech,0,none
2026-04-22,AWS,COMPUTE,1324.53,production,dataplatform,0,none
2026-04-22,AWS,STORAGE,1049.59875,staging,coreengine,1,drift
2026-04-22,AWS,NETWORK,342.44,staging,coreengine,0,none
2026-04-22,Azure,NETWORK,367.92,dev,fintech,0,none
2026-04-22,Azure,STORAGE,1091.86625,production,fintech,1,drift
2026-04-22,GCP,COMPUTE,1356.52,prod,analytics,0,none
2026-04-22,GCP,STORAGE,1047.7967500000002,dev,analytics,1,drift
2026-04-22,GCP,NETWORK,345.72,dev,analytics,0,none
2026-04-23,Azure,NETWORK,478.764,production,fintech,1,drift
2026-04-23,AWS,NETWORK,479.601,production,dataplatform,1,drift
2026-04-23,AWS,STORAGE,837.43,staging,dataplatform,0,none
2026-04-23,AWS,COMPUTE,1899.3150000000005,production,dataplatform,1,drift
2026-04-23,GCP,NETWORK,462.4155,prod,analytics,1,drift
2026-04-23,Azure,COMPUTE,1778.7465,dev,fintech,1,drift
2026-04-23,GCP,STORAGE,834.48,dev,core-team,0,none
2026-04-23,GCP,COMPUTE,1878.714,prod,core-team,1,drift
2026-04-23,Azure,STORAGE,799.09,dev,fintech,0,none
2026-04-24,AWS,NETWORK,355.74,production,dataplatform,0,none
2026-04-24,GCP,COMPUTE,1339.04,prod,analytics,0,none
2026-04-24,GCP,STORAGE,1111.31625,prod,core-team,1,drift
2026-04-24,GCP,NETWORK,361.4,prod,analytics,0,none
2026-04-24,Azure,COMPUTE,1417.04,production,fintech,0,none
2026-04-24,Azure,STORAGE,1119.04375,dev,fintech,1,drift
2026-04-24,Azure,NETWORK,356.71,production,fintech,0,none
2026-04-24,AWS,COMPUTE,1325.44,production,dataplatform,0,none
2026-04-24,AWS,STORAGE,1134.99375,production,coreengine,1,drift
2026-04-25,AWS,COMPUTE,1197.434,staging,dataplatform,1,drift
2026-04-25,AWS,NETWORK,295.82000000000005,production,coreengine,1,drift
2026-04-25,Azure,NETWORK,319.34000000000003,dev,fintech,1,drift
2026-04-25,Azure,STORAGE,763.31,production,fintech,0,none
2026-04-25,Azure,COMPUTE,1177.218,production,fintech,1,drift
2026-04-25,GCP,COMPUTE,1173.8580000000002,prod,analytics,1,drift
2026-04-25,GCP,STORAGE,760.38,prod,analytics,0,none
2026-04-25,GCP,NETWORK,311.87800000000004,prod,analytics,1,drift
2026-04-25,AWS,STORAGE,782.22,staging,coreengine,0,none
2026-04-26,Azure,STORAGE,755.63,dev,fintech,0,none
2026-04-26,GCP,NETWORK,207.01,prod,analytics,0,none
2026-04-26,Azure,NETWORK,227.42,dev,fintech,0,none
2026-04-26,GCP,STORAGE,798.64,prod,analytics,0,none
2026-04-26,AWS,NETWORK,201.5,production,dataplatform,0,none
2026-04-26,AWS,STORAGE,797.47,staging,dataplatform,0,none
2026-04-26,AWS,COMPUTE,904.85,staging,dataplatform,0,none
2026-04-26,GCP,COMPUTE,856.83,dev,analytics,0,none
2026-04-26,Azure,COMPUTE,943.2,dev,fintech,0,none
2026-04-27,AWS,COMPUTE,1360.22,staging,dataplatform,0,none
2026-04-27,AWS,STORAGE,840.38,production,coreengine,0,none
2026-04-27,AWS,NETWORK,358.09,production,dataplatform,0,none
2026-04-27,Azure,COMPUTE,1389.29,production,fintech,0,none
2026-04-27,GCP,COMPUTE,1329.97,prod,analytics,0,none
2026-04-27,Azure,STORAGE,856.49,production,fintech,0,none
2026-04-27,Azure,NETWORK,356.7,production,fintech,0,none
2026-04-27,GCP,NETWORK,364.37,dev,analytics,0,none
2026-04-27,GCP,STORAGE,814.91,dev,core-team,0,none
2026-04-28,GCP,COMPUTE,1414.64,prod,core-team,0,none
2026-04-28,AWS,COMPUTE,1414.73,production,coreengine,0,none
2026-04-28,AWS,STORAGE,844.59,production,dataplatform,0,none
2026-04-28,AWS,NETWORK,348.83,production,coreengine,0,none
2026-04-28,GCP,NETWORK,355.55,dev,analytics,0,none
2026-04-28,Azure,NETWORK,363.29,dev,fintech,0,none
2026-04-28,Azure,STORAGE,833.26,dev,fintech,0,none
2026-04-28,Azure,COMPUTE,1377.22,production,fintech,0,none
2026-04-28,GCP,STORAGE,856.03,prod,analytics,0,none
2026-04-29,AWS,COMPUTE,1329.69,production,dataplatform,0,none
2026-04-29,GCP,NETWORK,353.06,prod,analytics,0,none
2026-04-29,GCP,COMPUTE,1395.52,prod,analytics,0,none
2026-04-29,GCP,STORAGE,816.27,dev,analytics,0,none
2026-04-29,AWS,STORAGE,845.53,production,dataplatform,0,none
2026-04-29,Azure,NETWORK,353.48,production,fintech,0,none
2026-04-29,Azure,STORAGE,804.56,production,fintech,0,none
2026-04-29,Azure,COMPUTE,1337.3,dev,fintech,0,none
2026-04-29,AWS,NETWORK,345.4,production,dataplatform,0,none
2026-04-30,GCP,COMPUTE,1422.21,prod,analytics,0,none
2026-04-30,GCP,STORAGE,805.35,prod,analytics,0,none
2026-04-30,GCP,NETWORK,347.58,dev,analytics,0,none
2026-04-30,AWS,COMPUTE,1387.96,production,dataplatform,0,none
2026-04-30,AWS,NETWORK,361.67,staging,coreengine,0,none
2026-04-30,Azure,NETWORK,364.49,dev,fintech,0,none
2026-04-30,Azure,STORAGE,818.01,production,fintech,0,none
2026-04-30,Azure,COMPUTE,1401.07,production,fintech,0,none
2026-04-30,AWS,STORAGE,867.51,production,dataplatform,0,none
2026-05-01,GCP,STORAGE,808.18,prod,analytics,0,none
2026-05-01,GCP,NETWORK,350.83,prod,core-team,0,none
2026-05-01,AWS,COMPUTE,1367.65,staging,coreengine,0,none
2026-05-01,AWS,STORAGE,849.63,production,coreengine,0,none
2026-05-01,AWS,NETWORK,358.8,staging,dataplatform,0,none
2026-05-01,Azure,NETWORK,364.97,production,fintech,0,none
2026-05-01,Azure,STORAGE,812.71,production,fintech,0,none
2026-05-01,Azure,COMPUTE,1431.88,dev,fintech,0,none
2026-05-01,GCP,COMPUTE,1347.75,prod,core-team,0,none
2026-05-02,AWS,NETWORK,213.02,staging,dataplatform,0,none
2026-05-02,AWS,COMPUTE,903.02,production,coreengine,0,none
2026-05-02,GCP,COMPUTE,907.15,prod,core-team,0,none
2026-05-02,GCP,STORAGE,794.61,dev,analytics,0,none
2026-05-02,GCP,NETWORK,227.62,prod,core-team,0,none
2026-05-02,Azure,NETWORK,206.99,production,fintech,0,none
2026-05-02,Azure,STORAGE,824.7,production,fintech,0,none
2026-05-02,Azure,COMPUTE,891.76,dev,fintech,0,none
2026-05-02,AWS,STORAGE,829.64,staging,dataplatform,0,none
2026-05-03,GCP,NETWORK,209.65,prod,analytics,0,none
2026-05-03,AWS,COMPUTE,949.98,production,coreengine,0,none
2026-05-03,GCP,COMPUTE,934.07,prod,core-team,0,none
2026-05-03,AWS,STORAGE,829.17,production,dataplatform,0,none
2026-05-03,Azure,NETWORK,229.44,production,fintech,0,none
2026-05-03,Azure,STORAGE,824.63,production,fintech,0,none
2026-05-03,Azure,COMPUTE,920.26,dev,fintech,0,none
2026-05-03,GCP,STORAGE,791.12,dev,analytics,0,none
2026-05-03,AWS,NETWORK,207.81,production,dataplatform,0,none
2026-05-04,AWS,STORAGE,818.98,production,dataplatform,0,none
2026-05-04,GCP,COMPUTE,1371.17,dev,core-team,0,none
2026-05-04,GCP,STORAGE,852.11,dev,core-team,0,none
2026-05-04,GCP,NETWORK,354.79,dev,analytics,0,none
2026-05-04,AWS,COMPUTE,1336.8,staging,coreengine,0,none
2026-05-04,Azure,COMPUTE,1404.8,production,fintech,0,none
2026-05-04,Azure,STORAGE,845.81,dev,fintech,0,none
2026-05-04,Azure,NETWORK,364.91,production,fintech,0,none
2026-05-04,AWS,NETWORK,347.57,production,dataplatform,0,none
2026-05-05,Azure,STORAGE,852.79,production,fintech,0,none
2026-05-05,GCP,STORAGE,841.85,prod,core-team,0,none
2026-05-05,GCP,NETWORK,363.51,dev,core-team,0,none
2026-05-05,Azure,COMPUTE,1426.9,dev,fintech,0,none
2026-05-05,GCP,COMPUTE,1399.77,prod,analytics,0,none
2026-05-05,Azure,NETWORK,348.4,production,fintech,0,none
2026-05-05,AWS,COMPUTE,1341.03,production,dataplatform,0,none
2026-05-05,AWS,STORAGE,860.42,production,dataplatform,0,none
2026-05-05,AWS,NETWORK,349.58,production,dataplatform,0,none
2026-05-06,Azure,STORAGE,862.89,dev,fintech,0,none
2026-05-06,AWS,COMPUTE,1367.41,production,coreengine,0,none
2026-05-06,AWS,STORAGE,873.45,production,coreengine,0,none
2026-05-06,AWS,NETWORK,348.67,production,coreengine,0,none
2026-05-06,GCP,COMPUTE,1380.41,dev,analytics,0,none
2026-05-06,GCP,STORAGE,836.02,prod,analytics,0,none
2026-05-06,Azure,COMPUTE,1435.34,dev,fintech,0,none
2026-05-06,GCP,NETWORK,375.51,dev,analytics,0,none
2026-05-06,Azure,NETWORK,367.62,dev,fintech,0,none
2026-05-07,GCP,STORAGE,827.47,prod,core-team,0,none
2026-05-07,GCP,NETWORK,373.7,prod,analytics,0,none
2026-05-07,AWS,STORAGE,837.13,production,coreengine,0,none
2026-05-07,AWS,COMPUTE,1423.94,staging,coreengine,0,none
2026-05-07,AWS,NETWORK,351.91,staging,dataplatform,0,none
2026-05-07,Azure,NETWORK,359.92,dev,fintech,0,none
2026-05-07,Azure,STORAGE,862.83,production,fintech,0,none
2026-05-07,Azure,COMPUTE,1357.41,production,fintech,0,none
2026-05-07,GCP,COMPUTE,1418.29,prod,core-team,0,none
2026-05-08,AWS,COMPUTE,1412.39,production,dataplatform,0,none
2026-05-08,AWS,STORAGE,862.81,production,coreengine,0,none
2026-05-08,AWS,NETWORK,374.48,production,coreengine,0,none
2026-05-08,GCP,STORAGE,880.96,prod,analytics,0,none
2026-05-08,Azure,NETWORK,368.09,dev,fintech,0,none
2026-05-08,Azure,STORAGE,827.12,production,fintech,0,none
2026-05-08,Azure,COMPUTE,1407.32,production,fintech,0,none
2026-05-08,GCP,COMPUTE,1389.1,dev,core-team,0,none
2026-05-08,GCP,NETWORK,372.22,dev,analytics,0,none
2026-05-09,GCP,STORAGE,780.5,dev,analytics,0,none
2026-05-09,AWS,COMPUTE,930.98,production,coreengine,0,none
2026-05-09,GCP,COMPUTE,896.47,prod,analytics,0,none
2026-05-09,Azure,COMPUTE,960.41,production,fintech,0,none
2026-05-09,Azure,NETWORK,232.3,dev,fintech,0,none
2026-05-09,AWS,STORAGE,833.98,production,coreengine,0,none
2026-05-09,AWS,NETWORK,212.05,staging,coreengine,0,none
2026-05-09,GCP,NETWORK,211.66,prod,core-team,0,none
2026-05-09,Azure,STORAGE,782.26,production,fintech,0,none
2026-05-10,AWS,NETWORK,227.65,staging,coreengine,0,none
2026-05-10,Azure,COMPUTE,895.4,dev,fintech,0,none
2026-05-10,Azure,STORAGE,840.55,dev,fintech,0,none
2026-05-10,Azure,NETWORK,226.93,production,fintech,0,none
2026-05-10,AWS,COMPUTE,869.82,production,coreengine,0,none
2026-05-10,AWS,STORAGE,832.3,production,dataplatform,0,none
2026-05-10,GCP,STORAGE,824.26,prod,core-team,0,none
2026-05-10,GCP,COMPUTE,910.42,prod,core-team,0,none
2026-05-10,GCP,NETWORK,211.64,dev,analytics,0,none
2026-05-11,AWS,STORAGE,853.99,production,coreengine,0,none
2026-05-11,AWS,NETWORK,361.26,staging,dataplatform,0,none
2026-05-11,AWS,COMPUTE,1449.74,staging,dataplatform,0,none
2026-05-11,GCP,COMPUTE,1354.75,prod,analytics,0,none
2026-05-11,GCP,STORAGE,883.04,dev,analytics,0,none
2026-05-11,GCP,NETWORK,379.14,dev,core-team,0,none
2026-05-11,Azure,COMPUTE,1402.48,dev,fintech,0,none
2026-05-11,Azure,STORAGE,876.41,dev,fintech,0,none
2026-05-11,Azure,NETWORK,376.05,dev,fintech,0,none
2026-05-12,GCP,COMPUTE,1399.37,dev,analytics,0,none
2026-05-12,GCP,STORAGE,839.36,prod,core-team,0,none
2026-05-12,GCP,NETWORK,358.84,dev,core-team,0,none
2026-05-12,Azure,COMPUTE,1385.79,production,fintech,0,none
2026-05-12,AWS,STORAGE,851.02,production,dataplatform,0,none
2026-05-12,Azure,NETWORK,370.4,dev,fintech,0,none
2026-05-12,AWS,COMPUTE,1427.38,production,dataplatform,0,none
2026-05-12,AWS,NETWORK,378.1,production,coreengine,0,none
2026-05-12,Azure,STORAGE,850.07,dev,fintech,0,none
2026-05-13,Azure,COMPUTE,1432.43,dev,fintech,0,none
2026-05-13,Azure,STORAGE,882.13,production,fintech,0,none
2026-05-13,GCP,COMPUTE,1344.14,prod,core-team,0,none
2026-05-13,Azure,NETWORK,374.72,dev,fintech,0,none
2026-05-13,GCP,STORAGE,892.64,prod,core-team,0,none
2026-05-13,GCP,NETWORK,354.81,prod,core-team,0,none
2026-05-13,AWS,NETWORK,373.35,production,dataplatform,0,none
2026-05-13,AWS,STORAGE,859.09,production,coreengine,0,none
2026-05-13,AWS,COMPUTE,1438.08,production,dataplatform,0,none
2026-05-14,AWS,NETWORK,378.3,staging,dataplatform,0,none
2026-05-14,AWS,COMPUTE,1428.0,production,coreengine,0,none
2026-05-14,Azure,COMPUTE,1392.29,production,fintech,0,none
2026-05-14,Azure,STORAGE,888.02,dev,fintech,0,none
2026-05-14,Azure,NETWORK,355.36,production,fintech,0,none
2026-05-14,GCP,COMPUTE,1408.07,prod,core-team,0,none
2026-05-14,GCP,STORAGE,850.35,prod,analytics,0,none
2026-05-14,GCP,NETWORK,368.09,prod,core-team,0,none
2026-05-14,AWS,STORAGE,838.5,production,coreengine,0,none
2026-05-15,AWS,COMPUTE,1401.59,production,coreengine,0,none
2026-05-15,AWS,NETWORK,361.72,staging,coreengine,0,none
2026-05-15,GCP,COMPUTE,1417.97,dev,core-team,0,none
2026-05-15,GCP,NETWORK,358.38,prod,analytics,0,none
2026-05-15,Azure,NETWORK,361.85,dev,fintech,0,none
2026-05-15,Azure,STORAGE,833.68,production,fintech,0,none
2026-05-15,Azure,COMPUTE,1405.99,production,fintech,0,none
2026-05-15,GCP,STORAGE,890.9,prod,analytics,0,none
2026-05-15,AWS,STORAGE,890.67,production,dataplatform,0,none
2026-05-16,Azure,COMPUTE,896.64,production,fintech,0,none
2026-05-16,Azure,STORAGE,819.27,dev,fintech,0,none
2026-05-16,Azure,NETWORK,226.25,production,fintech,0,none
2026-05-16,AWS,NETWORK,206.12,production,dataplatform,0,none
2026-05-16,AWS,COMPUTE,956.0,staging,dataplatform,0,none
2026-05-16,AWS,STORAGE,818.79,production,dataplatform,0,none
2026-05-16,GCP,COMPUTE,856.76,dev,analytics,0,none
2026-05-16,GCP,STORAGE,801.23,prod,core-team,0,none
2026-05-16,GCP,NETWORK,232.26,prod,analytics,0,none
2026-05-17,AWS,COMPUTE,958.13,production,coreengine,0,none
2026-05-17,AWS,STORAGE,799.89,staging,coreengine,0,none
2026-05-17,AWS,NETWORK,215.48,production,coreengine,0,none
2026-05-17,Azure,NETWORK,213.07,dev,fintech,0,none
2026-05-17,Azure,STORAGE,824.82,dev,fintech,0,none
2026-05-17,Azure,COMPUTE,900.08,dev,fintech,0,none
2026-05-17,GCP,COMPUTE,954.6,dev,core-team,0,none
2026-05-17,GCP,NETWORK,223.76,dev,analytics,0,none
2026-05-17,GCP,STORAGE,835.2,prod,analytics,0,none
2026-05-18,Azure,STORAGE,854.93,production,fintech,0,none
2026-05-18,Azure,COMPUTE,1391.25,production,fintech,0,none
2026-05-18,GCP,COMPUTE,1424.06,prod,core-team,0,none
2026-05-18,GCP,STORAGE,851.3,prod,analytics,0,none
2026-05-18,GCP,NETWORK,380.72,dev,core-team,0,none
2026-05-18,AWS,NETWORK,370.66,production,coreengine,0,none
2026-05-18,AWS,STORAGE,905.51,production,coreengine,0,none
2026-05-18,AWS,COMPUTE,1456.1,production,coreengine,0,none
2026-05-18,Azure,NETWORK,355.92,production,fintech,0,none
2026-05-19,GCP,COMPUTE,1397.86,prod,core-team,0,none
2026-05-19,GCP,STORAGE,867.81,prod,core-team,0,none
2026-05-19,GCP,NETWORK,369.56,prod,analytics,0,none
2026-05-19,Azure,COMPUTE,1418.64,dev,fintech,0,none
2026-05-19,Azure,NETWORK,372.53,dev,fintech,0,none
2026-05-19,AWS,COMPUTE,1421.84,production,coreengine,0,none
2026-05-19,AWS,STORAGE,872.39,production,dataplatform,0,none
2026-05-19,AWS,NETWORK,362.9,staging,dataplatform,0,none
2026-05-19,Azure,STORAGE,887.79,dev,fintech,0,none
2026-05-20,AWS,NETWORK,376.96,staging,dataplatform,0,none
2026-05-20,Azure,COMPUTE,1404.39,dev,fintech,0,none
2026-05-20,Azure,STORAGE,869.56,production,fintech,0,none
2026-05-20,Azure,NETWORK,380.24,production,fintech,0,none
2026-05-20,GCP,NETWORK,376.54,prod,analytics,0,none
2026-05-20,GCP,STORAGE,854.56,prod,analytics,0,none
2026-05-20,GCP,COMPUTE,1357.45,dev,core-team,0,none
2026-05-20,AWS,STORAGE,890.12,production,dataplatform,0,none
2026-05-20,AWS,COMPUTE,1389.19,production,coreengine,0,none
2026-05-21,GCP,STORAGE,887.26,prod,analytics,0,none
2026-05-21,GCP,COMPUTE,1362.94,prod,analytics,0,none
2026-05-21,GCP,NETWORK,362.46,dev,core-team,0,none
2026-05-21,AWS,STORAGE,900.39,production,coreengine,0,none
2026-05-21,AWS,NETWORK,357.9,production,coreengine,0,none
2026-05-21,Azure,NETWORK,355.96,dev,fintech,0,none
2026-05-21,Azure,STORAGE,878.53,production,fintech,0,none
2026-05-21,Azure,COMPUTE,1412.15,production,fintech,0,none
2026-05-21,AWS,COMPUTE,1442.89,staging,dataplatform,0,none
2026-05-22,Azure,NETWORK,367.5,production,fintech,0,none
2026-05-22,Azure,STORAGE,873.55,dev,fintech,0,none
2026-05-22,Azure,COMPUTE,1393.57,dev,fintech,0,none
2026-05-22,GCP,COMPUTE,1399.0,dev,core-team,0,none
2026-05-22,GCP,NETWORK,366.22,prod,analytics,0,none
2026-05-22,AWS,STORAGE,850.78,staging,coreengine,0,none
2026-05-22,AWS,NETWORK,371.97,staging,coreengine,0,none
2026-05-22,GCP,STORAGE,867.09,dev,core-team,0,none
2026-05-22,AWS,COMPUTE,1410.87,production,coreengine,0,none
2026-05-23,AWS,NETWORK,218.18,production,dataplatform,0,none
2026-05-23,AWS,STORAGE,867.22,production,coreengine,0,none
2026-05-23,AWS,COMPUTE,911.84,production,coreengine,0,none
2026-05-23,Azure,NETWORK,225.8,dev,fintech,0,none
2026-05-23,Azure,COMPUTE,927.51,production,fintech,0,none
2026-05-23,Azure,STORAGE,842.18,production,fintech,0,none
2026-05-23,GCP,NETWORK,224.57,prod,analytics,0,none
2026-05-23,GCP,STORAGE,825.45,prod,core-team,0,none
2026-05-23,GCP,COMPUTE,943.21,dev,core-team,0,none
2026-05-24,AWS,COMPUTE,1357.9395000000002,staging,dataplatform,1,contextual
2026-05-24,AWS,STORAGE,1265.42,production,coreengine,1,contextual
2026-05-24,AWS,NETWORK,357.5385,production,dataplatform,1,contextual
2026-05-24,Azure,STORAGE,1339.014,dev,fintech,1,contextual
2026-05-24,Azure,NETWORK,355.539,dev,fintech,1,contextual
2026-05-24,Azure,COMPUTE,1471.57,production,fintech,1,contextual
2026-05-24,GCP,COMPUTE,1420.9005000000002,dev,core-team,1,contextual
2026-05-24,GCP,STORAGE,1322.615,dev,analytics,1,contextual
2026-05-24,GCP,NETWORK,365.614,dev,core-team,1,contextual
2026-05-25,Azure,COMPUTE,1467.6,production,fintech,0,none
2026-05-25,GCP,COMPUTE,1442.35,prod,analytics,0,none
2026-05-25,GCP,STORAGE,867.75,dev,analytics,0,none
2026-05-25,GCP,NETWORK,358.05,prod,core-team,0,none
2026-05-25,Azure,STORAGE,853.78,dev,fintech,0,none
2026-05-25,AWS,STORAGE,859.66,production,dataplatform,0,none
2026-05-25,AWS,COMPUTE,1429.39,staging,dataplatform,0,none
2026-05-25,AWS,NETWORK,359.62,production,coreengine,0,none
2026-05-25,Azure,NETWORK,362.95,dev,fintech,0,none
2026-05-26,Azure,NETWORK,384.36,production,fintech,0,none
2026-05-26,GCP,NETWORK,359.13,prod,core-team,0,none
2026-05-26,GCP,STORAGE,896.77,prod,analytics,0,none
2026-05-26,GCP,COMPUTE,1390.54,dev,analytics,0,none
2026-05-26,Azure,COMPUTE,1361.66,dev,fintech,0,none
2026-05-26,AWS,COMPUTE,1440.29,staging,coreengine,0,none
2026-05-26,AWS,STORAGE,859.58,production,dataplatform,0,none
2026-05-26,AWS,NETWORK,382.09,staging,dataplatform,0,none
2026-05-26,Azure,STORAGE,900.5,production,fintech,0,none
2026-05-27,Azure,NETWORK,359.88,production,fintech,0,none
2026-05-27,Azure,STORAGE,922.47,dev,fintech,0,none
2026-05-27,AWS,COMPUTE,1442.41,production,coreengine,0,none
2026-05-27,AWS,STORAGE,862.13,production,coreengine,0,none
2026-05-27,AWS,NETWORK,360.61,staging,dataplatform,0,none
2026-05-27,GCP,NETWORK,368.05,prod,core-team,0,none
2026-05-27,GCP,STORAGE,898.91,prod,analytics,0,none
2026-05-27,GCP,COMPUTE,1418.59,prod,analytics,0,none
2026-05-27,Azure,COMPUTE,1389.88,production,fintech,0,none
2026-05-28,GCP,STORAGE,865.86,prod,analytics,0,none
2026-05-28,GCP,COMPUTE,1451.29,prod,core-team,0,none
2026-05-28,GCP,NETWORK,360.81,dev,analytics,0,none
2026-05-28,Azure,STORAGE,883.39,dev,fintech,0,none
2026-05-28,Azure,NETWORK,361.59,dev,fintech,0,none
2026-05-28,Azure,COMPUTE,1469.87,production,fintech,0,none
2026-05-28,AWS,NETWORK,369.63,staging,dataplatform,0,none
2026-05-28,AWS,STORAGE,885.01,production,dataplatform,0,none
2026-05-28,AWS,COMPUTE,1475.8,staging,coreengine,0,none
2026-05-29,GCP,COMPUTE,1447.96,prod,core-team,0,none
2026-05-29,GCP,NETWORK,379.64,prod,core-team,0,none
2026-05-29,AWS,NETWORK,388.54,staging,dataplatform,0,none
2026-05-29,AWS,STORAGE,928.06,staging,dataplatform,0,none
2026-05-29,AWS,COMPUTE,1457.58,production,coreengine,0,none
2026-05-29,GCP,STORAGE,895.68,prod,core-team,0,none
2026-05-29,Azure,NETWORK,367.56,production,fintech,0,none
2026-05-29,Azure,COMPUTE,1420.39,dev,fintech,0,none
2026-05-29,Azure,STORAGE,878.57,dev,fintech,0,none
2026-05-30,AWS,COMPUTE,954.13,production,dataplatform,0,none
2026-05-30,Azure,NETWORK,225.87,dev,fintech,0,none
2026-05-30,Azure,STORAGE,874.87,production,fintech,0,none
2026-05-30,Azure,COMPUTE,903.33,production,fintech,0,none
2026-05-30,AWS,STORAGE,844.21,production,dataplatform,0,none
2026-05-30,AWS,NETWORK,212.22,production,dataplatform,0,none
2026-05-30,GCP,NETWORK,234.26,prod,core-team,0,none
2026-05-30,GCP,STORAGE,834.88,prod,analytics,0,none
2026-05-30,GCP,COMPUTE,917.85,prod,core-team,0,none
2026-05-31,GCP,STORAGE,869.02,prod,analytics,0,none
2026-05-31,GCP,COMPUTE,960.38,prod,core-team,0,none
2026-05-31,Azure,STORAGE,862.94,dev,fintech,0,none
2026-05-31,Azure,NETWORK,231.48,dev,fintech,0,none
2026-05-31,AWS,STORAGE,859.21,production,dataplatform,0,none
2026-05-31,AWS,COMPUTE,957.84,staging,coreengine,0,none
2026-05-31,GCP,NETWORK,218.16,dev,analytics,0,none
2026-05-31,Azure,COMPUTE,904.74,dev,fintech,0,none
2026-05-31,AWS,NETWORK,222.73,production,dataplatform,0,none
2026-06-01,AWS,STORAGE,873.94,staging,coreengine,0,none
2026-06-01,AWS,COMPUTE,1472.87,production,dataplatform,0,none
2026-06-01,AWS,NETWORK,375.28,production,coreengine,0,none
2026-06-01,GCP,STORAGE,891.97,prod,analytics,0,none
2026-06-01,GCP,NETWORK,363.23,prod,core-team,0,none
2026-06-01,Azure,NETWORK,364.14,dev,fintech,0,none
2026-06-01,Azure,STORAGE,895.76,production,fintech,0,none
2026-06-01,Azure,COMPUTE,1400.55,dev,fintech,0,none
2026-06-01,GCP,COMPUTE,1436.8,prod,core-team,0,none
2026-06-02,GCP,STORAGE,877.73,prod,analytics,0,none
2026-06-02,GCP,COMPUTE,1475.67,prod,analytics,0,none
2026-06-02,Azure,COMPUTE,1391.57,dev,fintech,0,none
2026-06-02,AWS,COMPUTE,1372.18,production,dataplatform,0,none
2026-06-02,Azure,NETWORK,366.42,dev,fintech,0,none
2026-06-02,AWS,NETWORK,362.65,production,coreengine,0,none
2026-06-02,AWS,STORAGE,901.73,production,coreengine,0,none
2026-06-02,GCP,NETWORK,389.54,prod,core-team,0,none
2026-06-02,Azure,STORAGE,917.1,production,fintech,0,none
2026-06-03,Azure,COMPUTE,1432.38,production,fintech,0,none
2026-06-03,Azure,STORAGE,921.15,dev,fintech,0,none
2026-06-03,Azure,NETWORK,364.66,production,fintech,0,none
2026-06-03,AWS,COMPUTE,1385.91,staging,dataplatform,0,none
2026-06-03,AWS,STORAGE,878.28,production,coreengine,0,none
2026-06-03,AWS,NETWORK,380.99,production,dataplatform,0,none
2026-06-03,GCP,NETWORK,377.76,prod,core-team,0,none
2026-06-03,GCP,STORAGE,883.18,dev,analytics,0,none
2026-06-03,GCP,COMPUTE,1423.33,prod,analytics,0,none
2026-06-04,Azure,NETWORK,390.96,production,fintech,0,none
2026-06-04,Azure,STORAGE,890.32,dev,fintech,0,none
2026-06-04,Azure,COMPUTE,1438.71,production,fintech,0,none
2026-06-04,GCP,COMPUTE,1473.69,dev,analytics,0,none
2026-06-04,AWS,COMPUTE,1459.17,staging,dataplatform,0,none
2026-06-04,AWS,STORAGE,914.06,staging,dataplatform,0,none
2026-06-04,AWS,NETWORK,390.94,production,coreengine,0,none
2026-06-04,GCP,NETWORK,386.25,prod,analytics,0,none
2026-06-04,GCP,STORAGE,924.87,prod,core-team,0,none
2026-06-05,GCP,COMPUTE,1450.7,dev,analytics,0,none
2026-06-05,GCP,NETWORK,388.05,prod,analytics,0,none
2026-06-05,AWS,COMPUTE,1418.16,production,coreengine,0,none
2026-06-05,Azure,COMPUTE,1430.61,dev,fintech,0,none
2026-06-05,Azure,STORAGE,932.28,dev,fintech,0,none
2026-06-05,Azure,NETWORK,379.02,dev,fintech,0,none
2026-06-05,GCP,STORAGE,924.0,prod,core-team,0,none
2026-06-05,AWS,STORAGE,894.4,production,dataplatform,0,none
2026-06-05,AWS,NETWORK,388.63,staging,dataplatform,0,none
2026-06-06,AWS,NETWORK,212.05,staging,coreengine,0,none
2026-06-06,GCP,COMPUTE,903.38,prod,analytics,0,none
2026-06-06,GCP,STORAGE,865.63,dev,analytics,0,none
2026-06-06,GCP,NETWORK,218.37,prod,analytics,0,none
2026-06-06,AWS,COMPUTE,900.39,production,coreengine,0,none
2026-06-06,AWS,STORAGE,900.2,staging,coreengine,0,none
2026-06-06,Azure,STORAGE,876.11,dev,fintech,0,none
2026-06-06,Azure,COMPUTE,879.72,dev,fintech,0,none
2026-06-06,Azure,NETWORK,240.45,dev,fintech,0,none
2026-06-07,Azure,STORAGE,891.64,production,fintech,0,none
2026-06-07,Azure,NETWORK,238.73,dev,fintech,0,none
2026-06-07,GCP,NETWORK,213.15,prod,analytics,0,none
2026-06-07,GCP,STORAGE,900.77,prod,core-team,0,none
2026-06-07,GCP,COMPUTE,989.08,prod,analytics,0,none
2026-06-07,AWS,NETWORK,238.94,production,coreengine,0,none
2026-06-07,AWS,STORAGE,834.9,staging,dataplatform,0,none
2026-06-07,AWS,COMPUTE,987.04,production,coreengine,0,none
2026-06-07,Azure,COMPUTE,944.74,dev,fintech,0,none
2026-06-08,Azure,NETWORK,382.36,dev,fintech,0,none
2026-06-08,Azure,COMPUTE,1405.74,dev,fintech,0,none
2026-06-08,Azure,STORAGE,894.9,production,fintech,0,none
2026-06-08,GCP,STORAGE,947.16,dev,analytics,0,none
2026-06-08,GCP,COMPUTE,1460.63,prod,analytics,0,none
2026-06-08,GCP,NETWORK,369.32,dev,analytics,0,none
2026-06-08,AWS,NETWORK,366.08,production,dataplatform,0,none
2026-06-08,AWS,STORAGE,952.12,production,coreengine,0,none
2026-06-08,AWS,COMPUTE,1440.18,production,dataplatform,0,none
2026-06-09,AWS,STORAGE,952.47,production,dataplatform,0,none
2026-06-09,AWS,NETWORK,380.2,production,coreengine,0,none
2026-06-09,Azure,STORAGE,942.96,production,fintech,0,none
2026-06-09,AWS,COMPUTE,1444.7,staging,dataplatform,0,none
2026-06-09,Azure,NETWORK,391.64,dev,fintech,0,none
2026-06-09,Azure,COMPUTE,1428.26,dev,fintech,0,none
2026-06-09,GCP,NETWORK,365.35,prod,analytics,0,none
2026-06-09,GCP,STORAGE,948.51,prod,core-team,0,none
2026-06-09,GCP,COMPUTE,1446.32,dev,core-team,0,none
2026-06-10,Azure,STORAGE,900.63,dev,fintech,0,none
2026-06-10,Azure,NETWORK,388.53,dev,fintech,0,none
2026-06-10,AWS,NETWORK,378.62,staging,coreengine,0,none
2026-06-10,AWS,STORAGE,934.41,production,coreengine,0,none
2026-06-10,GCP,NETWORK,392.9,dev,analytics,0,none
2026-06-10,AWS,COMPUTE,1454.91,production,coreengine,0,none
2026-06-10,GCP,STORAGE,905.08,prod,core-team,0,none
2026-06-10,GCP,COMPUTE,1462.74,prod,analytics,0,none
2026-06-10,Azure,COMPUTE,1423.11,dev,fintech,0,none
2026-06-11,AWS,STORAGE,928.22,production,dataplatform,0,none
2026-06-11,AWS,NETWORK,392.71,staging,dataplatform,0,none
2026-06-11,AWS,COMPUTE,1456.21,production,dataplatform,0,none
2026-06-11,Azure,NETWORK,378.18,dev,fintech,0,none
2026-06-11,Azure,STORAGE,945.8,dev,fintech,0,none
2026-06-11,Azure,COMPUTE,1415.53,production,fintech,0,none
2026-06-11,GCP,NETWORK,379.72,prod,analytics,0,none
2026-06-11,GCP,STORAGE,954.77,prod,core-team,0,none
2026-06-11,GCP,COMPUTE,1495.82,dev,core-team,0,none
2026-06-12,Azure,STORAGE,894.1,dev,fintech,0,none
2026-06-12,Azure,COMPUTE,1462.34,dev,fintech,0,none
2026-06-12,Azure,NETWORK,384.78,dev,fintech,0,none
2026-06-12,AWS,COMPUTE,1390.53,production,dataplatform,0,none
2026-06-12,AWS,NETWORK,394.73,staging,dataplatform,0,none
2026-06-12,GCP,COMPUTE,1484.79,prod,analytics,0,none
2026-06-12,GCP,STORAGE,949.47,prod,core-team,0,none
2026-06-12,GCP,NETWORK,375.49,prod,analytics,0,none
2026-06-12,AWS,STORAGE,907.81,staging,dataplatform,0,none
2026-06-13,AWS,COMPUTE,984.02,production,dataplatform,0,none
2026-06-13,AWS,STORAGE,876.42,staging,dataplatform,0,none
2026-06-13,AWS,NETWORK,232.57,production,dataplatform,0,none
2026-06-13,GCP,COMPUTE,976.93,prod,analytics,0,none
2026-06-13,GCP,STORAGE,845.4,dev,analytics,0,none
2026-06-13,GCP,NETWORK,231.84,dev,analytics,0,none
2026-06-13,Azure,COMPUTE,933.35,production,fintech,0,none
2026-06-13,Azure,STORAGE,886.12,production,fintech,0,none
2026-06-13,Azure,NETWORK,218.77,production,fintech,0,none
2026-06-14,GCP,COMPUTE,908.67,dev,analytics,0,none
2026-06-14,GCP,STORAGE,853.43,dev,analytics,0,none
2026-06-14,GCP,NETWORK,216.27,prod,core-team,0,none
2026-06-14,Azure,STORAGE,908.53,dev,fintech,0,none
2026-06-14,Azure,NETWORK,220.54,production,fintech,0,none
2026-06-14,AWS,NETWORK,228.09,production,coreengine,0,none
2026-06-14,AWS,STORAGE,858.45,production,dataplatform,0,none
2026-06-14,AWS,COMPUTE,914.15,staging,dataplatform,0,none
2026-06-14,Azure,COMPUTE,967.3,production,fintech,0,none
2026-06-15,Azure,COMPUTE,1400.68,dev,fintech,0,none
2026-06-15,Azure,STORAGE,894.56,dev,fintech,0,none
2026-06-15,GCP,COMPUTE,1470.23,prod,analytics,0,none
2026-06-15,Azure,NETWORK,386.84,production,fintech,0,none
2026-06-15,GCP,NETWORK,389.38,prod,analytics,0,none
2026-06-15,AWS,NETWORK,369.58,production,dataplatform,0,none
2026-06-15,AWS,STORAGE,936.22,production,dataplatform,0,none
2026-06-15,AWS,COMPUTE,1430.52,staging,dataplatform,0,none
2026-06-15,GCP,STORAGE,918.09,dev,core-team,0,none
2026-06-16,AWS,NETWORK,389.07,production,coreengine,0,none
2026-06-16,AWS,COMPUTE,1503.99,staging,dataplatform,0,none
2026-06-16,Azure,COMPUTE,1461.41,dev,fintech,0,none
2026-06-16,Azure,STORAGE,935.48,dev,fintech,0,none
2026-06-16,Azure,NETWORK,374.79,production,fintech,0,none
2026-06-16,GCP,NETWORK,384.21,prod,core-team,0,none
2026-06-16,GCP,COMPUTE,1398.62,dev,core-team,0,none
2026-06-16,GCP,STORAGE,918.23,dev,analytics,0,none
2026-06-16,AWS,STORAGE,968.25,staging,dataplatform,0,none
2026-06-17,GCP,STORAGE,920.46,dev,analytics,0,none
2026-06-17,GCP,COMPUTE,1484.24,dev,core-team,0,none
2026-06-17,AWS,NETWORK,393.13,production,dataplatform,0,none
2026-06-17,AWS,COMPUTE,1454.69,production,coreengine,0,none
2026-06-17,Azure,NETWORK,383.4,dev,fintech,0,none
2026-06-17,Azure,STORAGE,941.06,production,fintech,0,none
2026-06-17,Azure,COMPUTE,1437.84,dev,fintech,0,none
2026-06-17,AWS,STORAGE,919.77,production,dataplatform,0,none
2026-06-17,GCP,NETWORK,387.36,prod,analytics,0,none
2026-06-18,AWS,COMPUTE,1473.46,production,dataplatform,0,none
2026-06-18,AWS,STORAGE,910.74,production,coreengine,0,none
2026-06-18,AWS,NETWORK,396.62,production,coreengine,0,none
2026-06-18,GCP,STORAGE,944.68,prod,core-team,0,none
2026-06-18,GCP,NETWORK,375.8,prod,core-team,0,none
2026-06-18,Azure,NETWORK,389.99,dev,fintech,0,none
2026-06-18,Azure,STORAGE,908.78,dev,fintech,0,none
2026-06-18,Azure,COMPUTE,1508.66,production,fintech,0,none
2026-06-18,GCP,COMPUTE,1496.84,prod,core-team,0,none
2026-06-19,GCP,COMPUTE,1398.2,prod,analytics,0,none
2026-06-19,GCP,STORAGE,965.77,prod,core-team,0,none
2026-06-19,GCP,NETWORK,369.77,prod,core-team,0,none
2026-06-19,AWS,NETWORK,391.44,staging,dataplatform,0,none
2026-06-19,AWS,STORAGE,971.75,production,dataplatform,0,none
2026-06-19,AWS,COMPUTE,1491.0,production,dataplatform,0,none
2026-06-19,Azure,NETWORK,391.19,dev,fintech,0,none
2026-06-19,Azure,STORAGE,932.61,dev,fintech,0,none
2026-06-19,Azure,COMPUTE,1442.37,production,fintech,0,none
2026-06-20,Azure,COMPUTE,968.15,dev,fintech,0,none
2026-06-20,AWS,STORAGE,886.85,production,dataplatform,0,none
2026-06-20,Azure,NETWORK,219.55,production,fintech,0,none
2026-06-20,AWS,NETWORK,244.33,production,dataplatform,0,none
2026-06-20,AWS,COMPUTE,958.95,staging,coreengine,0,none
2026-06-20,GCP,COMPUTE,989.37,prod,analytics,0,none
2026-06-20,Azure,STORAGE,929.94,dev,fintech,0,none
2026-06-20,GCP,STORAGE,895.18,dev,core-team,0,none
2026-06-20,GCP,NETWORK,244.52,dev,core-team,0,none
2026-06-21,Azure,NETWORK,233.72,production,fintech,0,none
2026-06-21,Azure,STORAGE,911.81,production,fintech,0,none
2026-06-21,Azure,COMPUTE,900.6,dev,fintech,0,none
2026-06-21,GCP,STORAGE,932.42,dev,analytics,0,none
2026-06-21,GCP,COMPUTE,981.54,dev,core-team,0,none
2026-06-21,GCP,NETWORK,226.7,dev,analytics,0,none
2026-06-21,AWS,NETWORK,216.69,production,dataplatform,0,none
2026-06-21,AWS,STORAGE,860.63,staging,coreengine,0,none
2026-06-21,AWS,COMPUTE,989.38,staging,coreengine,0,none
2026-06-22,AWS,STORAGE,967.45,production,coreengine,0,none
2026-06-22,AWS,COMPUTE,1443.59,production,coreengine,0,none
2026-06-22,GCP,COMPUTE,1489.16,dev,analytics,0,none
2026-06-22,GCP,STORAGE,936.59,prod,core-team,0,none
2026-06-22,GCP,NETWORK,385.38,prod,analytics,0,none
2026-06-22,Azure,COMPUTE,1431.66,production,fintech,0,none
2026-06-22,Azure,STORAGE,912.24,dev,fintech,0,none
2026-06-22,Azure,NETWORK,373.21,production,fintech,0,none
2026-06-22,AWS,NETWORK,401.05,staging,coreengine,0,none
2026-06-23,GCP,COMPUTE,1474.39,dev,analytics,0,none
2026-06-23,GCP,STORAGE,974.28,dev,analytics,0,none
2026-06-23,GCP,NETWORK,401.47,dev,analytics,0,none
2026-06-23,Azure,NETWORK,381.04,dev,fintech,0,none
2026-06-23,AWS,STORAGE,953.12,staging,dataplatform,0,none
2026-06-23,Azure,COMPUTE,1505.53,production,fintech,0,none
2026-06-23,AWS,COMPUTE,1418.68,production,coreengine,0,none
2026-06-23,AWS,NETWORK,382.82,production,coreengine,0,none
2026-06-23,Azure,STORAGE,922.68,dev,fintech,0,none
2026-06-24,AWS,COMPUTE,1515.92,production,coreengine,0,none
2026-06-24,AWS,STORAGE,973.95,production,dataplatform,0,none
2026-06-24,AWS,NETWORK,397.47,production,dataplatform,0,none
2026-06-24,GCP,COMPUTE,1492.36,prod,core-team,0,none
2026-06-24,GCP,NETWORK,384.57,prod,analytics,0,none
2026-06-24,GCP,STORAGE,941.76,prod,analytics,0,none
2026-06-24,Azure,COMPUTE,1429.05,dev,fintech,0,none
2026-06-24,Azure,STORAGE,937.0,production,fintech,0,none
2026-06-24,Azure,NETWORK,373.67,production,fintech,0,none
2026-06-25,GCP,NETWORK,375.42,prod,analytics,0,none
2026-06-25,GCP,STORAGE,930.15,dev,analytics,0,none
2026-06-25,GCP,COMPUTE,1490.3,prod,core-team,0,none
2026-06-25,Azure,COMPUTE,1464.73,production,fintech,0,none
2026-06-25,Azure,STORAGE,917.14,dev,fintech,0,none
2026-06-25,Azure,NETWORK,396.81,production,fintech,0,none
2026-06-25,AWS,COMPUTE,1458.84,production,coreengine,0,none
2026-06-25,AWS,STORAGE,943.53,staging,dataplatform,0,none
2026-06-25,AWS,NETWORK,380.48,staging,coreengine,0,none
2026-06-26,GCP,COMPUTE,1446.97,prod,analytics,0,none
2026-06-26,AWS,STORAGE,979.78,production,dataplatform,0,none
2026-06-26,AWS,NETWORK,397.71,staging,coreengine,0,none
2026-06-26,Azure,NETWORK,399.8,dev,fintech,0,none
2026-06-26,Azure,COMPUTE,1432.81,production,fintech,0,none
2026-06-26,Azure,STORAGE,955.05,dev,fintech,0,none
2026-06-26,GCP,NETWORK,381.68,dev,analytics,0,none
2026-06-26,GCP,STORAGE,935.8,prod,core-team,0,none
2026-06-26,AWS,COMPUTE,1412.04,production,coreengine,0,none
2026-06-27,Azure,STORAGE,908.82,dev,fintech,0,none
2026-06-27,AWS,STORAGE,944.2,production,dataplatform,0,none
2026-06-27,GCP,COMPUTE,921.34,prod,analytics,0,none
2026-06-27,GCP,STORAGE,871.35,prod,analytics,0,none
2026-06-27,GCP,NETWORK,218.12,prod,analytics,0,none
2026-06-27,AWS,COMPUTE,1011.16,production,coreengine,0,none
2026-06-27,Azure,COMPUTE,970.26,dev,fintech,0,none
2026-06-27,AWS,NETWORK,234.82,staging,dataplatform,0,none
2026-06-27,Azure,NETWORK,227.64,production,fintech,0,none
2026-06-28,Azure,COMPUTE,933.95,dev,fintech,0,none
2026-06-28,Azure,STORAGE,921.16,production,fintech,0,none
2026-06-28,AWS,NETWORK,244.28,production,dataplatform,0,none
2026-06-28,GCP,STORAGE,902.68,prod,analytics,0,none
2026-06-28,Azure,NETWORK,248.78,dev,fintech,0,none
2026-06-28,GCP,COMPUTE,1010.79,dev,core-team,0,none
2026-06-28,AWS,STORAGE,942.22,staging,coreengine,0,none
2026-06-28,AWS,COMPUTE,985.12,production,dataplatform,0,none
2026-06-28,GCP,NETWORK,229.8,dev,analytics,0,none
2026-06-29,Azure,COMPUTE,1487.51,production,fintech,0,none
2026-06-29,AWS,STORAGE,954.21,production,dataplatform,0,none
2026-06-29,GCP,NETWORK,403.52,dev,analytics,0,none
2026-06-29,GCP,STORAGE,936.41,prod,core-team,0,none
2026-06-29,GCP,COMPUTE,1489.6,dev,analytics,0,none
2026-06-29,Azure,STORAGE,962.43,dev,fintech,0,none
2026-06-29,AWS,COMPUTE,1438.82,staging,coreengine,0,none
2026-06-29,AWS,NETWORK,377.94,production,dataplatform,0,none
2026-06-29,Azure,NETWORK,396.69,dev,fintech,0,none
