lineItem/UsageStartDate,productCode,lineItem/UnblendedCost,lineItem/NetUnblendedCost,resourceTags/user:Environment,resourceTags/user:Team,is_anomaly,anomaly_type
2026-01-01,AmazonEC2,1187.96,1187.96,staging,CoreEngine,0,none
2026-01-01,AmazonStorage,621.63,621.63,production,DataPlatform,0,none
2026-01-01,AmazonNetwork,305.57,305.57,production,CoreEngine,0,none
2026-01-02,AmazonEC2,1210.98,1210.98,production,CoreEngine,0,none
2026-01-02,AmazonStorage,585.43,585.43,staging,CoreEngine,0,none
2026-01-02,AmazonNetwork,292.23,292.23,staging,DataPlatform,0,none
2026-01-03,AmazonEC2,739.42,739.42,production,CoreEngine,0,none
2026-01-03,AmazonStorage,591.49,591.49,production,CoreEngine,0,none
2026-01-03,AmazonNetwork,183.03,183.03,production,CoreEngine,0,none
2026-01-04,AmazonEC2,802.97,802.97,staging,CoreEngine,0,none
2026-01-04,AmazonStorage,552.46,552.46,staging,DataPlatform,0,none
2026-01-04,AmazonNetwork,192.23,192.23,production,DataPlatform,0,none
2026-01-05,AmazonEC2,1238.07,1238.07,staging,DataPlatform,0,none
2026-01-05,AmazonStorage,594.01,594.01,production,CoreEngine,0,none
2026-01-05,AmazonNetwork,294.31,294.31,staging,DataPlatform,0,none
2026-01-06,AmazonEC2,1176.92,1176.92,production,DataPlatform,0,none
2026-01-06,AmazonStorage,600.45,600.45,production,CoreEngine,0,none
2026-01-06,AmazonNetwork,303.1,303.1,production,CoreEngine,0,none
2026-01-07,AmazonEC2,1202.42,1202.42,production,DataPlatform,0,none
2026-01-07,AmazonStorage,601.78,601.78,production,DataPlatform,0,none
2026-01-07,AmazonNetwork,305.71,305.71,production,DataPlatform,0,none
2026-01-08,AmazonEC2,1175.59,1175.59,production,DataPlatform,0,none
2026-01-08,AmazonStorage,603.79,603.79,staging,CoreEngine,0,none
2026-01-08,AmazonNetwork,300.26,300.26,production,CoreEngine,0,none
2026-01-09,AmazonEC2,1207.74,1207.74,staging,DataPlatform,0,none
2026-01-09,AmazonStorage,630.05,630.05,staging,DataPlatform,0,none
2026-01-09,AmazonNetwork,296.7,296.7,staging,CoreEngine,0,none
2026-01-10,AmazonEC2,790.16,790.16,staging,CoreEngine,0,none
2026-01-10,AmazonStorage,591.67,591.67,production,CoreEngine,0,none
2026-01-10,AmazonNetwork,171.65,171.65,production,CoreEngine,0,none
2026-01-11,AmazonEC2,800.2,800.2,production,CoreEngine,0,none
2026-01-11,AmazonStorage,572.66,572.66,production,DataPlatform,0,none
2026-01-11,AmazonNetwork,172.39,172.39,production,DataPlatform,0,none
2026-01-12,AmazonEC2,1260.19,1260.19,production,DataPlatform,0,none
2026-01-12,AmazonStorage,645.17,645.17,production,CoreEngine,0,none
2026-01-12,AmazonNetwork,313.04,313.04,staging,DataPlatform,0,none
2026-01-13,AmazonEC2,1198.96,1198.96,staging,CoreEngine,0,none
2026-01-13,AmazonStorage,603.92,603.92,staging,CoreEngine,0,none
2026-01-13,AmazonNetwork,310.51,310.51,staging,CoreEngine,0,none
2026-01-14,AmazonEC2,1213.66,1213.66,production,DataPlatform,0,none
2026-01-14,AmazonStorage,607.07,607.07,production,DataPlatform,0,none
2026-01-14,AmazonNetwork,306.38,306.38,staging,CoreEngine,0,none
2026-01-15,AmazonEC2,1175.52,1175.52,staging,DataPlatform,0,none
2026-01-15,AmazonStorage,648.56,648.56,production,CoreEngine,0,none
2026-01-15,AmazonNetwork,301.08,301.08,production,DataPlatform,0,none
2026-01-16,AmazonEC2,1238.39,1238.39,production,DataPlatform,0,none
2026-01-16,AmazonStorage,620.51,620.51,production,CoreEngine,0,none
2026-01-16,AmazonNetwork,307.99,307.99,staging,DataPlatform,0,none
2026-01-17,AmazonEC2,800.17,800.17,production,DataPlatform,0,none
2026-01-17,AmazonStorage,584.47,584.47,production,DataPlatform,0,none
2026-01-17,AmazonNetwork,196.37,196.37,production,DataPlatform,0,none
2026-01-18,AmazonEC2,823.55,823.55,production,CoreEngine,0,none
2026-01-18,AmazonStorage,624.59,624.59,staging,DataPlatform,0,none
2026-01-18,AmazonNetwork,194.84,194.84,staging,DataPlatform,0,none
2026-01-19,AmazonEC2,1236.61,1236.61,staging,DataPlatform,0,none
2026-01-19,AmazonStorage,657.46,657.46,production,CoreEngine,0,none
2026-01-19,AmazonNetwork,298.83,298.83,production,DataPlatform,0,none
2026-01-20,AmazonEC2,1198.62,1198.62,production,CoreEngine,0,none
2026-01-20,AmazonStorage,614.79,614.79,production,CoreEngine,0,none
2026-01-20,AmazonNetwork,305.18,305.18,staging,CoreEngine,0,none
2026-01-21,AmazonEC2,1219.05,1219.05,staging,DataPlatform,0,none
2026-01-21,AmazonStorage,628.29,628.29,staging,CoreEngine,0,none
2026-01-21,AmazonNetwork,318.15,318.15,production,DataPlatform,0,none
2026-01-22,AmazonEC2,1217.39,1217.39,staging,DataPlatform,0,none
2026-01-22,AmazonStorage,630.75,630.75,staging,DataPlatform,0,none
2026-01-22,AmazonNetwork,311.56,311.56,staging,CoreEngine,0,none
2026-01-23,AmazonEC2,1197.58,1197.58,staging,CoreEngine,0,none
2026-01-23,AmazonStorage,659.57,659.57,staging,DataPlatform,0,none
2026-01-23,AmazonNetwork,300.41,300.41,staging,DataPlatform,0,none
2026-01-24,AmazonEC2,850.51,850.51,production,DataPlatform,0,none
2026-01-24,AmazonStorage,627.77,627.77,production,CoreEngine,0,none
2026-01-24,AmazonNetwork,179.39,179.39,production,CoreEngine,0,none
2026-01-25,AmazonEC2,754.51,754.51,staging,DataPlatform,0,none
2026-01-25,AmazonStorage,631.95,631.95,staging,CoreEngine,0,none
2026-01-25,AmazonNetwork,192.36,192.36,staging,CoreEngine,0,none
2026-01-26,AmazonEC2,1260.17,1260.17,staging,DataPlatform,0,none
2026-01-26,AmazonStorage,664.11,664.11,staging,CoreEngine,0,none
2026-01-26,AmazonNetwork,301.85,301.85,production,DataPlatform,0,none
2026-01-27,AmazonEC2,1224.97,1224.97,production,CoreEngine,0,none
2026-01-27,AmazonStorage,631.96,631.96,staging,DataPlatform,0,none
2026-01-27,AmazonNetwork,322.09,322.09,production,CoreEngine,0,none
2026-01-28,AmazonEC2,1252.74,1252.74,production,DataPlatform,0,none
2026-01-28,AmazonStorage,645.15,645.15,production,CoreEngine,0,none
2026-01-28,AmazonNetwork,302.55,302.55,production,CoreEngine,0,none
2026-01-29,AmazonEC2,1223.22,1223.22,staging,CoreEngine,0,none
2026-01-29,AmazonStorage,646.83,646.83,production,DataPlatform,0,none
2026-01-29,AmazonNetwork,319.77,319.77,production,CoreEngine,0,none
2026-01-30,AmazonEC2,1257.18,1257.18,production,DataPlatform,0,none
2026-01-30,AmazonStorage,678.38,678.38,staging,CoreEngine,0,none
2026-01-30,AmazonNetwork,313.8,313.8,production,DataPlatform,0,none
2026-01-31,AmazonEC2,771.36,771.36,production,CoreEngine,0,none
2026-01-31,AmazonStorage,638.26,638.26,staging,DataPlatform,0,none
2026-01-31,AmazonNetwork,195.57,195.57,production,DataPlatform,0,none
2026-02-01,AmazonEC2,816.34,816.34,production,DataPlatform,0,none
2026-02-01,AmazonStorage,643.25,643.25,production,CoreEngine,0,none
2026-02-01,AmazonNetwork,189.14,189.14,production,CoreEngine,0,none
2026-02-02,AmazonEC2,1250.27,1250.27,production,CoreEngine,0,none
2026-02-02,AmazonStorage,660.15,660.15,staging,CoreEngine,0,none
2026-02-02,AmazonNetwork,304.0,304.0,staging,CoreEngine,0,none
2026-02-03,AmazonEC2,1210.3,1210.3,production,CoreEngine,0,none
2026-02-03,AmazonStorage,641.03,641.03,staging,CoreEngine,0,none
2026-02-03,AmazonNetwork,319.95,319.95,production,CoreEngine,0,none
2026-02-04,AmazonEC2,1232.42,1232.42,production,DataPlatform,0,none
2026-02-04,AmazonStorage,668.46,668.46,production,CoreEngine,0,none
2026-02-04,AmazonNetwork,327.34,327.34,production,DataPlatform,0,none
2026-02-05,AmazonEC2,1227.38,1227.38,production,CoreEngine,0,none
2026-02-05,AmazonStorage,665.2,665.2,staging,DataPlatform,0,none
2026-02-05,AmazonNetwork,323.99,323.99,production,DataPlatform,0,none
2026-02-06,AmazonEC2,1226.79,1226.79,production,CoreEngine,0,none
2026-02-06,AmazonStorage,649.26,649.26,production,CoreEngine,0,none
2026-02-06,AmazonNetwork,312.65,312.65,staging,DataPlatform,0,none
2026-02-07,AmazonEC2,782.05,782.05,production,DataPlatform,0,none
2026-02-07,AmazonStorage,663.47,663.47,production,DataPlatform,0,none
2026-02-07,AmazonNetwork,198.95,198.95,staging,CoreEngine,0,none
2026-02-08,AmazonEC2,830.47,830.47,staging,CoreEngine,0,none
2026-02-08,AmazonStorage,662.29,662.29,production,DataPlatform,0,none
2026-02-08,AmazonNetwork,199.15,199.15,staging,DataPlatform,0,none
2026-02-09,AmazonEC2,1226.94,1226.94,production,CoreEngine,0,none
2026-02-09,AmazonStorage,699.29,699.29,production,CoreEngine,0,none
2026-02-09,AmazonNetwork,320.51,320.51,staging,DataPlatform,0,none
2026-02-10,AmazonEC2,1290.99,1290.99,production,DataPlatform,0,none
2026-02-10,AmazonStorage,701.55,701.55,production,DataPlatform,0,none
2026-02-10,AmazonNetwork,315.34,315.34,production,CoreEngine,0,none
2026-02-11,AmazonEC2,1222.15,1222.15,production,DataPlatform,0,none
2026-02-11,AmazonStorage,667.16,667.16,staging,CoreEngine,0,none
2026-02-11,AmazonNetwork,318.63,318.63,production,CoreEngine,0,none
2026-02-12,AmazonEC2,1295.13,1295.13,production,CoreEngine,0,none
2026-02-12,AmazonStorage,703.74,703.74,production,DataPlatform,0,none
2026-02-12,AmazonNetwork,308.34,308.34,production,DataPlatform,0,none
2026-02-13,AmazonEC2,1265.59,1265.59,production,DataPlatform,0,none
2026-02-13,AmazonStorage,681.47,681.47,production,CoreEngine,0,none
2026-02-13,AmazonNetwork,314.35,314.35,production,CoreEngine,0,none
2026-02-14,AmazonEC2,784.4,784.4,production,DataPlatform,0,none
2026-02-14,AmazonStorage,644.66,644.66,production,DataPlatform,0,none
2026-02-14,AmazonNetwork,204.61,204.61,production,DataPlatform,0,none
2026-02-15,AmazonEC2,2820.8250000000003,805.95,production,CoreEngine,1,spike
2026-02-15,AmazonStorage,656.54,656.54,production,CoreEngine,0,none
2026-02-15,AmazonNetwork,198.74,198.74,production,CoreEngine,0,none
2026-02-16,AmazonEC2,1255.16,1255.16,staging,DataPlatform,0,none
2026-02-16,AmazonStorage,718.12,718.12,production,CoreEngine,0,none
2026-02-16,AmazonNetwork,334.95,334.95,staging,DataPlatform,0,none
2026-02-17,AmazonEC2,1245.27,1245.27,staging,CoreEngine,0,none
2026-02-17,AmazonStorage,693.85,693.85,production,CoreEngine,0,none
2026-02-17,AmazonNetwork,318.35,318.35,production,CoreEngine,0,none
2026-02-18,AmazonEC2,1250.11,1250.11,staging,CoreEngine,0,none
2026-02-18,AmazonStorage,670.21,670.21,staging,CoreEngine,0,none
2026-02-18,AmazonNetwork,326.84,326.84,production,CoreEngine,0,none
2026-02-19,AmazonEC2,1273.77,1273.77,staging,CoreEngine,0,none
2026-02-19,AmazonStorage,672.95,672.95,staging,CoreEngine,0,none
2026-02-19,AmazonNetwork,318.75,318.75,staging,CoreEngine,0,none
2026-02-20,AmazonEC2,1316.64,1316.64,production,DataPlatform,0,none
2026-02-20,AmazonStorage,685.42,685.42,production,CoreEngine,0,none
2026-02-20,AmazonNetwork,315.77,315.77,staging,DataPlatform,0,none
2026-02-21,AmazonEC2,828.65,828.65,production,DataPlatform,0,none
2026-02-21,AmazonStorage,694.17,694.17,production,CoreEngine,0,none
2026-02-21,AmazonNetwork,188.58,188.58,staging,DataPlatform,0,none
2026-02-22,AmazonEC2,848.3,848.3,production,DataPlatform,0,none
2026-02-22,AmazonStorage,683.53,683.53,production,CoreEngine,0,none
2026-02-22,AmazonNetwork,188.76,188.76,production,CoreEngine,0,none
2026-02-23,AmazonEC2,1302.86,1302.86,production,CoreEngine,0,none
2026-02-23,AmazonStorage,698.53,698.53,staging,DataPlatform,0,none
2026-02-23,AmazonNetwork,329.96,329.96,production,DataPlatform,0,none
2026-02-24,AmazonEC2,1294.68,1294.68,production,CoreEngine,0,none
2026-02-24,AmazonStorage,710.03,710.03,production,DataPlatform,0,none
2026-02-24,AmazonNetwork,316.28,316.28,production,DataPlatform,0,none
2026-02-25,AmazonEC2,1316.9,1316.9,staging,DataPlatform,0,none
2026-02-25,AmazonStorage,699.82,699.82,staging,CoreEngine,0,none
2026-02-25,AmazonNetwork,319.29,319.29,staging,DataPlatform,0,none
2026-02-26,AmazonEC2,1236.83,1236.83,staging,CoreEngine,0,none
2026-02-26,AmazonStorage,717.18,717.18,production,DataPlatform,0,none
2026-02-26,AmazonNetwork,332.66,332.66,production,CoreEngine,0,none
2026-02-27,AmazonEC2,1235.79,1235.79,staging,CoreEngine,0,none
2026-02-27,AmazonStorage,714.69,714.69,production,DataPlatform,0,none
2026-02-27,AmazonNetwork,321.31,321.31,staging,CoreEngine,0,none
2026-02-28,AmazonEC2,851.5,851.5,staging,DataPlatform,0,none
2026-02-28,AmazonStorage,661.55,661.55,production,DataPlatform,0,none
2026-02-28,AmazonNetwork,202.43,202.43,staging,DataPlatform,0,none
2026-03-01,AmazonEC2,825.85,825.85,production,CoreEngine,0,none
2026-03-01,AmazonStorage,707.19,707.19,production,DataPlatform,0,none
2026-03-01,AmazonNetwork,188.15,188.15,production,CoreEngine,0,none
2026-03-02,AmazonEC2,1273.6,1273.6,production,DataPlatform,0,none
2026-03-02,AmazonStorage,697.74,697.74,production,DataPlatform,0,none
2026-03-02,AmazonNetwork,341.21,341.21,production,DataPlatform,0,none
2026-03-03,AmazonEC2,1330.49,1330.49,staging,DataPlatform,0,none
2026-03-03,AmazonStorage,708.02,708.02,staging,CoreEngine,0,none
2026-03-03,AmazonNetwork,334.73,334.73,production,CoreEngine,0,none
2026-03-04,AmazonEC2,1325.81,1325.81,staging,CoreEngine,0,none
2026-03-04,AmazonStorage,727.2,727.2,staging,CoreEngine,0,none
2026-03-04,AmazonNetwork,331.79,331.79,production,CoreEngine,0,none
2026-03-05,AmazonEC2,1267.77,1267.77,production,CoreEngine,0,none
2026-03-05,AmazonStorage,702.37,702.37,production,DataPlatform,0,none
2026-03-05,AmazonNetwork,342.03,342.03,production,CoreEngine,0,none
2026-03-06,AmazonEC2,1337.52,1337.52,production,CoreEngine,0,none
2026-03-06,AmazonStorage,735.75,735.75,staging,CoreEngine,0,none
2026-03-06,AmazonNetwork,327.72,327.72,staging,CoreEngine,0,none
2026-03-07,AmazonEC2,827.72,827.72,production,DataPlatform,0,none
2026-03-07,AmazonStorage,706.7,706.7,staging,CoreEngine,0,none
2026-03-07,AmazonNetwork,210.06,210.06,production,CoreEngine,0,none
2026-03-08,AmazonEC2,884.58,884.58,production,DataPlatform,0,none
2026-03-08,AmazonStorage,711.79,711.79,production,CoreEngine,0,none
2026-03-08,AmazonNetwork,203.58,203.58,staging,DataPlatform,0,none
2026-03-09,AmazonEC2,1257.23,1257.23,production,CoreEngine,0,none
2026-03-09,AmazonStorage,714.13,714.13,production,CoreEngine,0,none
2026-03-09,AmazonNetwork,344.13,344.13,staging,CoreEngine,0,none
2026-03-10,AmazonEC2,1313.09,1313.09,production,CoreEngine,0,none
2026-03-10,AmazonStorage,707.1,707.1,production,CoreEngine,0,none
2026-03-10,AmazonNetwork,323.35,323.35,production,DataPlatform,0,none
2026-03-11,AmazonEC2,1320.55,1320.55,production,DataPlatform,0,none
2026-03-11,AmazonStorage,708.78,708.78,production,CoreEngine,0,none
2026-03-11,AmazonNetwork,325.42,325.42,production,CoreEngine,0,none
2026-03-12,AmazonEC2,1310.09,1310.09,production,DataPlatform,0,none
2026-03-12,AmazonStorage,751.36,751.36,production,CoreEngine,0,none
2026-03-12,AmazonNetwork,339.07,339.07,production,DataPlatform,0,none
2026-03-13,AmazonEC2,1277.68,1277.68,staging,DataPlatform,0,none
2026-03-13,AmazonStorage,754.59,754.59,staging,DataPlatform,0,none
2026-03-13,AmazonNetwork,328.45,328.45,production,CoreEngine,0,none
2026-03-14,AmazonEC2,831.93,831.93,production,CoreEngine,0,none
2026-03-14,AmazonStorage,721.47,721.47,staging,DataPlatform,0,none
2026-03-14,AmazonNetwork,205.62,205.62,production,CoreEngine,0,none
2026-03-15,AmazonEC2,887.76,887.76,staging,DataPlatform,0,none
2026-03-15,AmazonStorage,718.11,718.11,production,DataPlatform,0,none
2026-03-15,AmazonNetwork,203.74,203.74,production,CoreEngine,0,none
2026-03-16,AmazonEC2,1268.38,1268.38,production,CoreEngine,0,none
2026-03-16,AmazonStorage,740.08,740.08,production,CoreEngine,0,none
2026-03-16,AmazonNetwork,330.67,330.67,staging,DataPlatform,0,none
2026-03-17,AmazonEC2,1285.62,1285.62,production,CoreEngine,0,none
2026-03-17,AmazonStorage,778.38,778.38,production,DataPlatform,0,none
2026-03-17,AmazonNetwork,334.61,334.61,production,DataPlatform,0,none
2026-03-18,AmazonEC2,1355.21,1355.21,staging,DataPlatform,0,none
2026-03-18,AmazonStorage,759.89,759.89,staging,CoreEngine,0,none
2026-03-18,AmazonNetwork,345.97,345.97,staging,DataPlatform,0,none
2026-03-19,AmazonEC2,1315.78,1315.78,staging,DataPlatform,0,none
2026-03-19,AmazonStorage,758.64,758.64,staging,DataPlatform,0,none
2026-03-19,AmazonNetwork,338.3,338.3,production,DataPlatform,0,none
2026-03-20,AmazonEC2,1284.89,1284.89,staging,DataPlatform,0,none
2026-03-20,AmazonStorage,769.45,769.45,staging,CoreEngine,0,none
2026-03-20,AmazonNetwork,333.05,333.05,production,DataPlatform,0,none
2026-03-21,AmazonEC2,806.85,806.85,staging,DataPlatform,0,none
2026-03-21,AmazonStorage,728.92,728.92,staging,CoreEngine,0,none
2026-03-21,AmazonNetwork,194.93,194.93,staging,DataPlatform,0,none
2026-03-22,AmazonEC2,904.51,904.51,production,CoreEngine,0,none
2026-03-22,AmazonStorage,749.6,749.6,production,DataPlatform,0,none
2026-03-22,AmazonNetwork,215.28,215.28,production,DataPlatform,0,none
2026-03-23,AmazonEC2,1307.77,1307.77,staging,DataPlatform,0,none
2026-03-23,AmazonStorage,732.46,732.46,production,DataPlatform,0,none
2026-03-23,AmazonNetwork,352.17,352.17,production,CoreEngine,0,none
2026-03-24,AmazonEC2,1315.4,1315.4,staging,DataPlatform,0,none
2026-03-24,AmazonStorage,792.52,792.52,staging,CoreEngine,0,none
2026-03-24,AmazonNetwork,353.65,353.65,staging,CoreEngine,0,none
2026-03-25,AmazonEC2,1361.9,1361.9,production,DataPlatform,0,none
2026-03-25,AmazonStorage,753.4,753.4,production,CoreEngine,0,none
2026-03-25,AmazonNetwork,338.36,338.36,staging,DataPlatform,0,none
2026-03-26,AmazonEC2,1363.25,1363.25,production,CoreEngine,0,none
2026-03-26,AmazonStorage,756.75,756.75,production,CoreEngine,0,none
2026-03-26,AmazonNetwork,332.96,332.96,production,CoreEngine,0,none
2026-03-27,AmazonEC2,1333.53,1333.53,production,CoreEngine,0,none
2026-03-27,AmazonStorage,796.87,796.87,production,DataPlatform,0,none
2026-03-27,AmazonNetwork,347.87,347.87,staging,CoreEngine,0,none
2026-03-28,AmazonEC2,871.3,871.3,staging,DataPlatform,0,none
2026-03-28,AmazonStorage,708.52,708.52,production,DataPlatform,0,none
2026-03-28,AmazonNetwork,208.96,208.96,production,CoreEngine,0,none
2026-03-29,AmazonEC2,916.99,916.99,staging,CoreEngine,0,none
2026-03-29,AmazonStorage,713.01,713.01,production,DataPlatform,0,none
2026-03-29,AmazonNetwork,206.6,206.6,production,CoreEngine,0,none
2026-03-30,AmazonEC2,1372.21,1372.21,staging,DataPlatform,0,none
2026-03-30,AmazonStorage,790.95,790.95,production,CoreEngine,0,none
2026-03-30,AmazonNetwork,349.42,349.42,production,DataPlatform,0,none
2026-03-31,AmazonEC2,1355.1,1355.1,production,DataPlatform,0,none
2026-03-31,AmazonStorage,769.25,769.25,staging,DataPlatform,0,none
2026-03-31,AmazonNetwork,338.81,338.81,production,DataPlatform,0,none
2026-04-01,AmazonEC2,1368.04,1368.04,staging,DataPlatform,0,none
2026-04-01,AmazonStorage,799.35,799.35,production,DataPlatform,0,none
2026-04-01,AmazonNetwork,355.13,355.13,production,DataPlatform,0,none
2026-04-02,AmazonEC2,1380.68,1380.68,production,DataPlatform,0,none
2026-04-02,AmazonStorage,782.71,782.71,staging,DataPlatform,0,none
2026-04-02,AmazonNetwork,345.54,345.54,staging,CoreEngine,0,none
2026-04-03,AmazonEC2,1369.93,1369.93,production,DataPlatform,0,none
2026-04-03,AmazonStorage,793.41,793.41,production,DataPlatform,0,none
2026-04-03,AmazonNetwork,351.59,351.59,production,DataPlatform,0,none
2026-04-04,AmazonEC2,902.37,902.37,production,DataPlatform,0,none
2026-04-04,AmazonStorage,771.22,771.22,staging,CoreEngine,0,none
2026-04-04,AmazonNetwork,203.41,203.41,production,CoreEngine,0,none
2026-04-05,AmazonEC2,858.3,858.3,production,DataPlatform,0,none
2026-04-05,AmazonStorage,723.0,723.0,staging,CoreEngine,0,none
2026-04-05,AmazonNetwork,210.37,210.37,staging,CoreEngine,0,none
2026-04-06,AmazonEC2,1292.66,1292.66,production,DataPlatform,0,none
2026-04-06,AmazonStorage,787.83,787.83,production,DataPlatform,0,none
2026-04-06,AmazonNetwork,348.69,348.69,staging,DataPlatform,0,none
2026-04-07,AmazonEC2,1321.05,1321.05,production,CoreEngine,0,none
2026-04-07,AmazonStorage,797.76,797.76,production,DataPlatform,0,none
2026-04-07,AmazonNetwork,334.93,334.93,production,CoreEngine,0,none
2026-04-08,AmazonEC2,1295.7,1295.7,staging,DataPlatform,0,none
2026-04-08,AmazonStorage,814.49,814.49,production,CoreEngine,0,none
2026-04-08,AmazonNetwork,344.6,344.6,production,DataPlatform,0,none
2026-04-09,AmazonEC2,1306.81,1306.81,production,DataPlatform,0,none
2026-04-09,AmazonStorage,797.42,797.42,staging,CoreEngine,0,none
2026-04-09,AmazonNetwork,356.54,356.54,production,CoreEngine,0,none
2026-04-10,AmazonEC2,1317.84,1317.84,production,DataPlatform,0,none
2026-04-10,AmazonStorage,805.85,805.85,production,CoreEngine,0,none
2026-04-10,AmazonNetwork,337.91,337.91,production,DataPlatform,0,none
2026-04-11,AmazonEC2,870.5340000000001,829.08,staging,DataPlatform,1,drift
2026-04-11,AmazonStorage,762.01,762.01,staging,CoreEngine,0,none
2026-04-11,AmazonNetwork,221.697,211.14,production,CoreEngine,1,drift
2026-04-12,AmazonEC2,893.33,893.33,staging,CoreEngine,0,none
2026-04-12,AmazonStorage,834.6407499999999,776.41,production,CoreEngine,1,drift
2026-04-12,AmazonNetwork,223.64,223.64,production,DataPlatform,0,none
2026-04-13,AmazonEC2,1490.236,1354.76,production,DataPlatform,1,drift
2026-04-13,AmazonStorage,792.61,792.61,production,CoreEngine,0,none
2026-04-13,AmazonNetwork,395.21900000000005,359.29,production,DataPlatform,1,drift
2026-04-14,AmazonEC2,1329.67,1329.67,production,CoreEngine,0,none
2026-04-14,AmazonStorage,902.3174999999999,802.06,production,DataPlatform,1,drift
2026-04-14,AmazonNetwork,339.65,339.65,production,DataPlatform,0,none
2026-04-15,AmazonEC2,1500.1865000000003,1304.51,production,DataPlatform,1,drift
2026-04-15,AmazonStorage,837.91,837.91,production,CoreEngine,0,none
2026-04-15,AmazonNetwork,415.67900000000003,361.46,production,CoreEngine,1,drift
2026-04-16,AmazonEC2,1378.78,1378.78,staging,CoreEngine,0,none
2026-04-16,AmazonStorage,944.8175000000001,804.1,production,CoreEngine,1,drift
2026-04-16,AmazonNetwork,343.29,343.29,staging,CoreEngine,0,none
2026-04-17,AmazonEC2,1585.9800000000002,1321.65,staging,CoreEngine,1,drift
2026-04-17,AmazonStorage,795.78,795.78,production,CoreEngine,0,none
2026-04-17,AmazonNetwork,425.26800000000003,354.39,production,CoreEngine,1,drift
2026-04-18,AmazonEC2,907.68,907.68,staging,CoreEngine,0,none
2026-04-18,AmazonStorage,960.0692500000001,783.73,production,CoreEngine,1,drift
2026-04-18,AmazonNetwork,205.88,205.88,production,CoreEngine,0,none
2026-04-19,AmazonEC2,1168.575,934.86,staging,CoreEngine,1,drift
2026-04-19,AmazonStorage,790.73,790.73,production,DataPlatform,0,none
2026-04-19,AmazonNetwork,267.425,213.94,production,CoreEngine,1,drift
2026-04-20,AmazonEC2,1375.69,1375.69,staging,CoreEngine,0,none
2026-04-20,AmazonStorage,1036.2435,812.74,production,DataPlatform,1,drift
2026-04-20,AmazonNetwork,347.35,347.35,production,CoreEngine,0,none
2026-04-21,AmazonEC2,1754.051,1349.27,production,DataPlatform,1,drift
2026-04-21,AmazonStorage,836.91,836.91,production,CoreEngine,0,none
2026-04-21,AmazonNetwork,443.573,341.21,production,CoreEngine,1,drift
2026-04-22,AmazonEC2,1324.53,1324.53,production,DataPlatform,0,none
2026-04-22,AmazonStorage,1049.59875,792.15,staging,CoreEngine,1,drift
2026-04-22,AmazonNetwork,342.44,342.44,staging,CoreEngine,0,none
2026-04-23,AmazonEC2,1899.3150000000003,1406.9,production,DataPlatform,1,drift
2026-04-23,AmazonStorage,837.43,837.43,staging,DataPlatform,0,none
2026-04-23,AmazonNetwork,479.601,355.26,production,DataPlatform,1,drift
2026-04-24,AmazonEC2,1325.44,1325.44,production,DataPlatform,0,none
2026-04-24,AmazonStorage,1134.99375,825.45,production,CoreEngine,1,drift
2026-04-24,AmazonNetwork,355.74,355.74,production,DataPlatform,0,none
2026-04-25,AmazonEC2,1197.434,855.31,staging,DataPlatform,1,drift
2026-04-25,AmazonStorage,782.22,782.22,staging,CoreEngine,0,none
2026-04-25,AmazonNetwork,295.82000000000005,211.3,production,CoreEngine,1,drift
2026-04-26,AmazonEC2,904.85,904.85,staging,DataPlatform,0,none
2026-04-26,AmazonStorage,797.47,797.47,staging,DataPlatform,0,none
2026-04-26,AmazonNetwork,201.5,201.5,production,DataPlatform,0,none
2026-04-27,AmazonEC2,1360.22,1360.22,staging,DataPlatform,0,none
2026-04-27,AmazonStorage,840.38,840.38,production,CoreEngine,0,none
2026-04-27,AmazonNetwork,358.09,358.09,production,DataPlatform,0,none
2026-04-28,AmazonEC2,1414.73,1414.73,production,CoreEngine,0,none
2026-04-28,AmazonStorage,844.59,844.59,production,DataPlatform,0,none
2026-04-28,AmazonNetwork,348.83,348.83,production,CoreEngine,0,none
2026-04-29,AmazonEC2,1329.69,1329.69,production,DataPlatform,0,none
2026-04-29,AmazonStorage,845.53,845.53,production,DataPlatform,0,none
2026-04-29,AmazonNetwork,345.4,345.4,production,DataPlatform,0,none
2026-04-30,AmazonEC2,1387.96,1387.96,production,DataPlatform,0,none
2026-04-30,AmazonStorage,867.51,867.51,production,DataPlatform,0,none
2026-04-30,AmazonNetwork,361.67,361.67,staging,CoreEngine,0,none
2026-05-01,AmazonEC2,1367.65,1367.65,staging,CoreEngine,0,none
2026-05-01,AmazonStorage,849.63,849.63,production,CoreEngine,0,none
2026-05-01,AmazonNetwork,358.8,358.8,staging,DataPlatform,0,none
2026-05-02,AmazonEC2,903.02,903.02,production,CoreEngine,0,none
2026-05-02,AmazonStorage,829.64,829.64,staging,DataPlatform,0,none
2026-05-02,AmazonNetwork,213.02,213.02,staging,DataPlatform,0,none
2026-05-03,AmazonEC2,949.98,949.98,production,CoreEngine,0,none
2026-05-03,AmazonStorage,829.17,829.17,production,DataPlatform,0,none
2026-05-03,AmazonNetwork,207.81,207.81,production,DataPlatform,0,none
2026-05-04,AmazonEC2,1336.8,1336.8,staging,CoreEngine,0,none
2026-05-04,AmazonStorage,818.98,818.98,production,DataPlatform,0,none
2026-05-04,AmazonNetwork,347.57,347.57,production,DataPlatform,0,none
2026-05-05,AmazonEC2,1341.03,1341.03,production,DataPlatform,0,none
2026-05-05,AmazonStorage,860.42,860.42,production,DataPlatform,0,none
2026-05-05,AmazonNetwork,349.58,349.58,production,DataPlatform,0,none
2026-05-06,AmazonEC2,1367.41,1367.41,production,CoreEngine,0,none
2026-05-06,AmazonStorage,873.45,873.45,production,CoreEngine,0,none
2026-05-06,AmazonNetwork,348.67,348.67,production,CoreEngine,0,none
2026-05-07,AmazonEC2,1423.94,1423.94,staging,CoreEngine,0,none
2026-05-07,AmazonStorage,837.13,837.13,production,CoreEngine,0,none
2026-05-07,AmazonNetwork,351.91,351.91,staging,DataPlatform,0,none
2026-05-08,AmazonEC2,1412.39,1412.39,production,DataPlatform,0,none
2026-05-08,AmazonStorage,862.81,862.81,production,CoreEngine,0,none
2026-05-08,AmazonNetwork,374.48,374.48,production,CoreEngine,0,none
2026-05-09,AmazonEC2,930.98,930.98,production,CoreEngine,0,none
2026-05-09,AmazonStorage,833.98,833.98,production,CoreEngine,0,none
2026-05-09,AmazonNetwork,212.05,212.05,staging,CoreEngine,0,none
2026-05-10,AmazonEC2,869.82,869.82,production,CoreEngine,0,none
2026-05-10,AmazonStorage,832.3,832.3,production,DataPlatform,0,none
2026-05-10,AmazonNetwork,227.65,227.65,staging,CoreEngine,0,none
2026-05-11,AmazonEC2,1449.74,1449.74,staging,DataPlatform,0,none
2026-05-11,AmazonStorage,853.99,853.99,production,CoreEngine,0,none
2026-05-11,AmazonNetwork,361.26,361.26,staging,DataPlatform,0,none
2026-05-12,AmazonEC2,1427.38,1427.38,production,DataPlatform,0,none
2026-05-12,AmazonStorage,851.02,851.02,production,DataPlatform,0,none
2026-05-12,AmazonNetwork,378.1,378.1,production,CoreEngine,0,none
2026-05-13,AmazonEC2,1438.08,1438.08,production,DataPlatform,0,none
2026-05-13,AmazonStorage,859.09,859.09,production,CoreEngine,0,none
2026-05-13,AmazonNetwork,373.35,373.35,production,DataPlatform,0,none
2026-05-14,AmazonEC2,1428.0,1428.0,production,CoreEngine,0,none
2026-05-14,AmazonStorage,838.5,838.5,production,CoreEngine,0,none
2026-05-14,AmazonNetwork,378.3,378.3,staging,DataPlatform,0,none
2026-05-15,AmazonEC2,1401.59,1401.59,production,CoreEngine,0,none
2026-05-15,AmazonStorage,890.67,890.67,production,DataPlatform,0,none
2026-05-15,AmazonNetwork,361.72,361.72,staging,CoreEngine,0,none
2026-05-16,AmazonEC2,956.0,956.0,staging,DataPlatform,0,none
2026-05-16,AmazonStorage,818.79,818.79,production,DataPlatform,0,none
2026-05-16,AmazonNetwork,206.12,206.12,production,DataPlatform,0,none
2026-05-17,AmazonEC2,958.13,958.13,production,CoreEngine,0,none
2026-05-17,AmazonStorage,799.89,799.89,staging,CoreEngine,0,none
2026-05-17,AmazonNetwork,215.48,215.48,production,CoreEngine,0,none
2026-05-18,AmazonEC2,1456.1,1456.1,production,CoreEngine,0,none
2026-05-18,AmazonStorage,905.51,905.51,production,CoreEngine,0,none
2026-05-18,AmazonNetwork,370.66,370.66,production,CoreEngine,0,none
2026-05-19,AmazonEC2,1421.84,1421.84,production,CoreEngine,0,none
2026-05-19,AmazonStorage,872.39,872.39,production,DataPlatform,0,none
2026-05-19,AmazonNetwork,362.9,362.9,staging,DataPlatform,0,none
2026-05-20,AmazonEC2,1389.19,1389.19,production,CoreEngine,0,none
2026-05-20,AmazonStorage,890.12,890.12,production,DataPlatform,0,none
2026-05-20,AmazonNetwork,376.96,376.96,staging,DataPlatform,0,none
2026-05-21,AmazonEC2,1442.89,1442.89,staging,DataPlatform,0,none
2026-05-21,AmazonStorage,900.39,900.39,production,CoreEngine,0,none
2026-05-21,AmazonNetwork,357.9,357.9,production,CoreEngine,0,none
2026-05-22,AmazonEC2,1410.87,1410.87,production,CoreEngine,0,none
2026-05-22,AmazonStorage,850.78,850.78,staging,CoreEngine,0,none
2026-05-22,AmazonNetwork,371.97,371.97,staging,CoreEngine,0,none
2026-05-23,AmazonEC2,911.84,911.84,production,CoreEngine,0,none
2026-05-23,AmazonStorage,867.22,867.22,production,CoreEngine,0,none
2026-05-23,AmazonNetwork,218.18,218.18,production,DataPlatform,0,none
2026-05-24,AmazonEC2,1357.9395000000002,876.09,staging,DataPlatform,1,contextual
2026-05-24,AmazonStorage,1265.42,816.4,production,CoreEngine,1,contextual
2026-05-24,AmazonNetwork,357.5385,230.67,production,DataPlatform,1,contextual
2026-05-25,AmazonEC2,1429.39,1429.39,staging,DataPlatform,0,none
2026-05-25,AmazonStorage,859.66,859.66,production,DataPlatform,0,none
2026-05-25,AmazonNetwork,359.62,359.62,production,CoreEngine,0,none
2026-05-26,AmazonEC2,1440.29,1440.29,staging,CoreEngine,0,none
2026-05-26,AmazonStorage,859.58,859.58,production,DataPlatform,0,none
2026-05-26,AmazonNetwork,382.09,382.09,staging,DataPlatform,0,none
2026-05-27,AmazonEC2,1442.41,1442.41,production,CoreEngine,0,none
2026-05-27,AmazonStorage,862.13,862.13,production,CoreEngine,0,none
2026-05-27,AmazonNetwork,360.61,360.61,staging,DataPlatform,0,none
2026-05-28,AmazonEC2,1475.8,1475.8,staging,CoreEngine,0,none
2026-05-28,AmazonStorage,885.01,885.01,production,DataPlatform,0,none
2026-05-28,AmazonNetwork,369.63,369.63,staging,DataPlatform,0,none
2026-05-29,AmazonEC2,1457.58,1457.58,production,CoreEngine,0,none
2026-05-29,AmazonStorage,928.06,928.06,staging,DataPlatform,0,none
2026-05-29,AmazonNetwork,388.54,388.54,staging,DataPlatform,0,none
2026-05-30,AmazonEC2,954.13,954.13,production,DataPlatform,0,none
2026-05-30,AmazonStorage,844.21,844.21,production,DataPlatform,0,none
2026-05-30,AmazonNetwork,212.22,212.22,production,DataPlatform,0,none
2026-05-31,AmazonEC2,957.84,957.84,staging,CoreEngine,0,none
2026-05-31,AmazonStorage,859.21,859.21,production,DataPlatform,0,none
2026-05-31,AmazonNetwork,222.73,222.73,production,DataPlatform,0,none
2026-06-01,AmazonEC2,1472.87,1472.87,production,DataPlatform,0,none
2026-06-01,AmazonStorage,873.94,873.94,staging,CoreEngine,0,none
2026-06-01,AmazonNetwork,375.28,375.28,production,CoreEngine,0,none
2026-06-02,AmazonEC2,1372.18,1372.18,production,DataPlatform,0,none
2026-06-02,AmazonStorage,901.73,901.73,production,CoreEngine,0,none
2026-06-02,AmazonNetwork,362.65,362.65,production,CoreEngine,0,none
2026-06-03,AmazonEC2,1385.91,1385.91,staging,DataPlatform,0,none
2026-06-03,AmazonStorage,878.28,878.28,production,CoreEngine,0,none
2026-06-03,AmazonNetwork,380.99,380.99,production,DataPlatform,0,none
2026-06-04,AmazonEC2,1459.17,1459.17,staging,DataPlatform,0,none
2026-06-04,AmazonStorage,914.06,914.06,staging,DataPlatform,0,none
2026-06-04,AmazonNetwork,390.94,390.94,production,CoreEngine,0,none
2026-06-05,AmazonEC2,1418.16,1418.16,production,CoreEngine,0,none
2026-06-05,AmazonStorage,894.4,894.4,production,DataPlatform,0,none
2026-06-05,AmazonNetwork,388.63,388.63,staging,DataPlatform,0,none
2026-06-06,AmazonEC2,900.39,900.39,production,CoreEngine,0,none
2026-06-06,AmazonStorage,900.2,900.2,staging,CoreEngine,0,none
2026-06-06,AmazonNetwork,212.05,212.05,staging,CoreEngine,0,none
2026-06-07,AmazonEC2,987.04,987.04,production,CoreEngine,0,none
2026-06-07,AmazonStorage,834.9,834.9,staging,DataPlatform,0,none
2026-06-07,AmazonNetwork,238.94,238.94,production,CoreEngine,0,none
2026-06-08,AmazonEC2,1440.18,1440.18,production,DataPlatform,0,none
2026-06-08,AmazonStorage,952.12,952.12,production,CoreEngine,0,none
2026-06-08,AmazonNetwork,366.08,366.08,production,DataPlatform,0,none
2026-06-09,AmazonEC2,1444.7,1444.7,staging,DataPlatform,0,none
2026-06-09,AmazonStorage,952.47,952.47,production,DataPlatform,0,none
2026-06-09,AmazonNetwork,380.2,380.2,production,CoreEngine,0,none
2026-06-10,AmazonEC2,1454.91,1454.91,production,CoreEngine,0,none
2026-06-10,AmazonStorage,934.41,934.41,production,CoreEngine,0,none
2026-06-10,AmazonNetwork,378.62,378.62,staging,CoreEngine,0,none
2026-06-11,AmazonEC2,1456.21,1456.21,production,DataPlatform,0,none
2026-06-11,AmazonStorage,928.22,928.22,production,DataPlatform,0,none
2026-06-11,AmazonNetwork,392.71,392.71,staging,DataPlatform,0,none
2026-06-12,AmazonEC2,1390.53,1390.53,production,DataPlatform,0,none
2026-06-12,AmazonStorage,907.81,907.81,staging,DataPlatform,0,none
2026-06-12,AmazonNetwork,394.73,394.73,staging,DataPlatform,0,none
2026-06-13,AmazonEC2,984.02,984.02,production,DataPlatform,0,none
2026-06-13,AmazonStorage,876.42,876.42,staging,DataPlatform,0,none
2026-06-13,AmazonNetwork,232.57,232.57,production,DataPlatform,0,none
2026-06-14,AmazonEC2,914.15,914.15,staging,DataPlatform,0,none
2026-06-14,AmazonStorage,858.45,858.45,production,DataPlatform,0,none
2026-06-14,AmazonNetwork,228.09,228.09,production,CoreEngine,0,none
2026-06-15,AmazonEC2,1430.52,1430.52,staging,DataPlatform,0,none
2026-06-15,AmazonStorage,936.22,936.22,production,DataPlatform,0,none
2026-06-15,AmazonNetwork,369.58,369.58,production,DataPlatform,0,none
2026-06-16,AmazonEC2,1503.99,1503.99,staging,DataPlatform,0,none
2026-06-16,AmazonStorage,968.25,968.25,staging,DataPlatform,0,none
2026-06-16,AmazonNetwork,389.07,389.07,production,CoreEngine,0,none
2026-06-17,AmazonEC2,1454.69,1454.69,production,CoreEngine,0,none
2026-06-17,AmazonStorage,919.77,919.77,production,DataPlatform,0,none
2026-06-17,AmazonNetwork,393.13,393.13,production,DataPlatform,0,none
2026-06-18,AmazonEC2,1473.46,1473.46,production,DataPlatform,0,none
2026-06-18,AmazonStorage,910.74,910.74,production,CoreEngine,0,none
2026-06-18,AmazonNetwork,396.62,396.62,production,CoreEngine,0,none
2026-06-19,AmazonEC2,1491.0,1491.0,production,DataPlatform,0,none
2026-06-19,AmazonStorage,971.75,971.75,production,DataPlatform,0,none
2026-06-19,AmazonNetwork,391.44,391.44,staging,DataPlatform,0,none
2026-06-20,AmazonEC2,958.95,958.95,staging,CoreEngine,0,none
2026-06-20,AmazonStorage,886.85,886.85,production,DataPlatform,0,none
2026-06-20,AmazonNetwork,244.33,244.33,production,DataPlatform,0,none
2026-06-21,AmazonEC2,989.38,989.38,staging,CoreEngine,0,none
2026-06-21,AmazonStorage,860.63,860.63,staging,CoreEngine,0,none
2026-06-21,AmazonNetwork,216.69,216.69,production,DataPlatform,0,none
2026-06-22,AmazonEC2,1443.59,1443.59,production,CoreEngine,0,none
2026-06-22,AmazonStorage,967.45,967.45,production,CoreEngine,0,none
2026-06-22,AmazonNetwork,401.05,401.05,staging,CoreEngine,0,none
2026-06-23,AmazonEC2,1418.68,1418.68,production,CoreEngine,0,none
2026-06-23,AmazonStorage,953.12,953.12,staging,DataPlatform,0,none
2026-06-23,AmazonNetwork,382.82,382.82,production,CoreEngine,0,none
2026-06-24,AmazonEC2,1515.92,1515.92,production,CoreEngine,0,none
2026-06-24,AmazonStorage,973.95,973.95,production,DataPlatform,0,none
2026-06-24,AmazonNetwork,397.47,397.47,production,DataPlatform,0,none
2026-06-25,AmazonEC2,1458.84,1458.84,production,CoreEngine,0,none
2026-06-25,AmazonStorage,943.53,943.53,staging,DataPlatform,0,none
2026-06-25,AmazonNetwork,380.48,380.48,staging,CoreEngine,0,none
2026-06-26,AmazonEC2,1412.04,1412.04,production,CoreEngine,0,none
2026-06-26,AmazonStorage,979.78,979.78,production,DataPlatform,0,none
2026-06-26,AmazonNetwork,397.71,397.71,staging,CoreEngine,0,none
2026-06-27,AmazonEC2,1011.16,1011.16,production,CoreEngine,0,none
2026-06-27,AmazonStorage,944.2,944.2,production,DataPlatform,0,none
2026-06-27,AmazonNetwork,234.82,234.82,staging,DataPlatform,0,none
2026-06-28,AmazonEC2,985.12,985.12,production,DataPlatform,0,none
2026-06-28,AmazonStorage,942.22,942.22,staging,CoreEngine,0,none
2026-06-28,AmazonNetwork,244.28,244.28,production,DataPlatform,0,none
2026-06-29,AmazonEC2,1438.82,1438.82,staging,CoreEngine,0,none
2026-06-29,AmazonStorage,954.21,954.21,production,DataPlatform,0,none
2026-06-29,AmazonNetwork,377.94,377.94,production,DataPlatform,0,none
